Country Name,Country Code,Indicator Name,Indicator Code,1960,1961,1962,1963,1964,1965,1966,1967,1968,1969,1970,1971,1972,1973,1974,1975,1976,1977,1978,1979,1980,1981,1982,1983,1984,1985,1986,1987,1988,1989,1990,1991,1992,1993,1994,1995,1996,1997,1998,1999,2000,2001,2002,2003,2004,2005,2006,2007,2008,2009,2010,2011,2012,2013,2014,2015
Aruba,ABW,Cash surplus/deficit (% of GDP),GC.BAL.CASH.GD.ZS,,,,,,,,,,,,,,,,,,,,,,,,,,,,,,,,,,,,,,,,,,,,,,,,,,,,,,,,
Andorra,AND,Cash surplus/deficit (% of GDP),GC.BAL.CASH.GD.ZS,,,,,,,,,,,,,,,,,,,,,,,,,,,,,,,,,,,,,,,,,,,,,,,,,,,,,,,,
Afghanistan,AFG,Cash surplus/deficit (% of GDP),GC.BAL.CASH.GD.ZS,,,,,,,,,,,,,,,,,,,,,,,,,,,,,,,,,,,,,,,,,,,,,,,-2.0278600965,-1.7312302137,-2.3142498656,0.281700159,1.4955667687,-0.626409396,-0.6211079491,,,
Angola,AGO,Cash surplus/deficit (% of GDP),GC.BAL.CASH.GD.ZS,,,,,,,,,,,,,,,,,,,,,,,,,,,,,,,,,,,,,,,,4.2833315241,26.2691041378,10.4185082723,1.3681467704,-9.710192708,10.6275183255,0.6867897542,19.3976195484,13.570978185,6.8606106117,-11.3323380904,0.8504424405,10.7440339926,6.1256571267,,,
Albania,ALB,Cash surplus/deficit (% of GDP),GC.BAL.CASH.GD.ZS,,,,,,,,,,,,,,,,,,,,,,,,,,,,,,,,,,,,-8.9083184392,-10.1847091619,-12.121090804,-9.556162572,,,,-6.6783926187,-2.8359871017,-3.0445572439,,,,,,,,,,,
Arab World,ARB,Cash surplus/deficit (% of GDP),GC.BAL.CASH.GD.ZS,,,,,,,,,,,,,,,,,,,,,,,,,,,,,,,,,,,,,,,,,,,,,,,,,,,,,,,,
United Arab Emirates,ARE,Cash surplus/deficit (% of GDP),GC.BAL.CASH.GD.ZS,,,,,,,,,,,,,,,,,,,,,,,,,,,,,,,,,,,,,,0.3323913233,0.0309443641,0.0593306205,,,,,,,,,,,,-0.1078168086,-0.33090319,0.1662414334,,
Argentina,ARG,Cash surplus/deficit (% of GDP),GC.BAL.CASH.GD.ZS,,,,,,,,,,,,,,,,,,,,,,,,,,,,,,,,,,,,,,,,,,,,,,,,,,,,,,,,
Armenia,ARM,Cash surplus/deficit (% of GDP),GC.BAL.CASH.GD.ZS,,,,,,,,,,,,,,,,,,,,,,,,,,,,,,,,,,,,,,,,,,,,-0.7398659222,-0.8484355454,-1.0043185866,-0.3004227974,-0.5668836822,-0.5427495551,-7.600815367,-4.967661774,-2.764406811,-1.3043816809,,,
American Samoa,ASM,Cash surplus/deficit (% of GDP),GC.BAL.CASH.GD.ZS,,,,,,,,,,,,,,,,,,,,,,,,,,,,,,,,,,,,,,,,,,,,,,,,,,,,,,,,
Antigua and Barbuda,ATG,Cash surplus/deficit (% of GDP),GC.BAL.CASH.GD.ZS,,,,,,,,,,,,,,,,,,,,,,,,,,,,,,,,,,,,,,,,,-5.3251754355,-9.7646620709,-10.2315401694,-5.5467611809,-2.6921600342,15.7042004484,-7.0084133915,-5.7541156362,-6.0750258546,-10.9998808832,-1.3829294451,-4.3464300076,-1.3404144106,,,
Australia,AUS,Cash surplus/deficit (% of GDP),GC.BAL.CASH.GD.ZS,,,,,,,,,,,,,,,,,,,,,,,,,,,,,,,1.6583095203,0.0932951104,-2.7359340747,-3.8250505406,-3.6434733731,,,,,0.2534500007,1.6982791442,0.5352919303,-0.7441043266,0.5292742452,0.5385871429,0.7640494658,1.2488797246,1.1664619806,1.4712131952,-2.9045044328,-4.0311629345,-3.6725197635,-3.0319654793,-1.4696437837,,
Austria,AUT,Cash surplus/deficit (% of GDP),GC.BAL.CASH.GD.ZS,,,,,,,,,,,,,,,,,,,,,,,,,,,,,,,-3.3011095079,-3.3849313376,-2.5400443449,-4.2845839752,-4.2259080699,-6.8615177398,-5.6531100881,-4.0691101254,-4.1029977553,-3.7162768724,-3.0246914437,-1.9722920214,-2.3370622447,-2.7623713343,-5.6524181568,-3.7802504185,-3.4620242301,-2.4912303124,-2.6071831932,-5.6380230251,-3.3671296807,-2.3462020642,-2.1357343322,-1.3679056197,,
Azerbaijan,AZE,Cash surplus/deficit (% of GDP),GC.BAL.CASH.GD.ZS,,,,,,,,,,,,,,,,,,,,,,,,,,,,,,,,,,,-11.1673135343,-3.1313993814,-2.3630189121,-3.9676279494,-4.9416384256,-4.6662375367,,,,,,,,,19.5663872916,7.5704675365,15.4463675968,12.8562651204,6.0555607001,,,
Burundi,BDI,Cash surplus/deficit (% of GDP),GC.BAL.CASH.GD.ZS,,,,,,,,,,,,,,,,,,,,,,,,,,,,,,,,-2.2959159596,-6.5926419638,-5.1272488338,-5.3743565127,-4.6901327693,-8.6871911821,,-2.9018265867,-2.3579600351,,,,,,,,,,,,,,,,
Belgium,BEL,Cash surplus/deficit (% of GDP),GC.BAL.CASH.GD.ZS,,,,,,,,,,,,,,,,,,,,,,,,,,,,,,,,,,,,-4.3667757447,-4.1885770957,-2.5761051472,-1.7850665802,-1.3643084291,-0.4170434928,-0.8293823589,-0.0908494967,-2.0740372082,-0.4582706897,-3.0798331121,-0.1857264965,-0.8115444442,-1.5214087679,-4.8545951574,-2.9805998888,-3.4961461966,-3.4573936745,-2.437184714,,
Benin,BEN,Cash surplus/deficit (% of GDP),GC.BAL.CASH.GD.ZS,,,,,,,,,,,,,,,,,,,,,,,,,,,,,,,,,,,,,,,,,,0.6042795631,-0.06355399,-1.6702556123,0.8235340159,-0.5599648099,2.2257139071,8.2934141539,2.3781906129,-0.9631755245,1.9430877266,2.5554858685,1.5831300942,2.7371087978,,
Burkina Faso,BFA,Cash surplus/deficit (% of GDP),GC.BAL.CASH.GD.ZS,,,,,,,,,,,,,,,,,,,,,,,,,,,,,,,,,,,,,,,,,,,-4.579738139,-2.0293640177,-4.4356256605,-5.3966587039,-5.8567991142,-5.419867395,-3.9476362843,-4.6793506225,-4.5439409871,-2.2942613963,-3.1125437448,-3.9396592301,,
Bangladesh,BGD,Cash surplus/deficit (% of GDP),GC.BAL.CASH.GD.ZS,,,,,,,,,,,,,,,,,,,,,,,,,,,,,,,,,,,,,,,,,,-0.5709274826,-0.1518647043,-0.1047607919,-0.631122063,-0.9707067462,-1.240797393,-1.1451289442,-0.8297577377,-1.4431577465,-0.8136741828,-0.8058024819,,,,
Bulgaria,BGR,Cash surplus/deficit (% of GDP),GC.BAL.CASH.GD.ZS,,,,,,,,,,,,,,,,,,,,,,,,,,,,,,,-5.0495036417,-3.3529845247,-4.8944223108,-11.3449314152,-5.0355783866,-5.13326696,-14.8467330159,-0.3778133866,1.1764698734,0.3919894441,-0.3757334639,0.1933627781,-0.5200020953,0.1844684928,1.5216448784,3.1393512019,3.1153190356,3.1332901351,2.9205469261,-0.0887584301,-3.3159972739,-1.8977004765,-0.7612605919,,,
Bahrain,BHR,Cash surplus/deficit (% of GDP),GC.BAL.CASH.GD.ZS,,,,,,,,,,,,,,,,,,,,,,,,,,,,,,,-2.3390342052,-1.2963069655,-3.9968652038,-3.3140694523,-6.4249543124,-3.1281259947,0.278952198,1.8891647514,-6.0814602383,-2.5386611986,7.4919590698,3.9732705914,-0.7924485426,1.7746783358,4.5181855654,6.54815735,3.9884153552,3.3636846795,5.4826109903,-4.3770440719,-4.7794881979,-0.5346213476,,,,
"Bahamas, The",BHS,Cash surplus/deficit (% of GDP),GC.BAL.CASH.GD.ZS,,,,,,,,,,,,,,,,,,,,,,,,,,,,,,,,,,,,,,,,,,,,,,,,,,,,,,,,
Bosnia and Herzegovina,BIH,Cash surplus/deficit (% of GDP),GC.BAL.CASH.GD.ZS,,,,,,,,,,,,,,,,,,,,,,,,,,,,,,,,,,,,,,,,,,,,,,2.0076272639,2.7453121078,0.9166920675,-1.6060286078,-4.1850671249,-1.9895937522,-0.9593462341,-1.1847689704,-1.7269088551,,
Belarus,BLR,Cash surplus/deficit (% of GDP),GC.BAL.CASH.GD.ZS,,,,,,,,,,,,,,,,,,,,,,,,,,,,,,,,,-4.7593293672,-3.5825924573,-1.8265404761,-2.6526614751,-1.8355998148,-1.0693233734,-0.9443844155,-1.9049896405,0.0690840614,-0.8269280041,1.1315196474,-1.0560544841,-0.1353922043,0.2248171503,1.4685834206,0.4315087104,2.3726215895,0.219965069,-1.5006516992,1.7264570294,0.088495396,,,
Belize,BLZ,Cash surplus/deficit (% of GDP),GC.BAL.CASH.GD.ZS,,,,,,,,,,,,,,,,,,,,,,,,,,,,,,,-0.6145745067,-5.6073389874,-7.458815938,-7.8696707451,-6.603184136,-3.4954182119,-1.9839134554,-1.2640713056,-1.6499454928,-3.4884497578,-5.7400649618,-10.3754543864,-7.020628243,-7.9902559701,-9.5250271778,-3.3977210789,-4.1321470593,-0.6201267831,0.3785916107,-1.2147359237,-1.2212322485,-1.4471364466,-0.1985554945,,,
Bermuda,BMU,Cash surplus/deficit (% of GDP),GC.BAL.CASH.GD.ZS,,,,,,,,,,,,,,,,,,,,,,,,,,,,,,,,,,,,,,,,,,,,,,,,,,,,,,,,
Bolivia,BOL,Cash surplus/deficit (% of GDP),GC.BAL.CASH.GD.ZS,,,,,,,,,,,,,,,,,,,,,,,,,,,,,,,,,,,,,,,,,,,,,,,,,,,,,,,,
Brazil,BRA,Cash surplus/deficit (% of GDP),GC.BAL.CASH.GD.ZS,,,,,,,,,,,,,,,,,,,,,,,,,,,,,,,-3.3854773021,1.5079635556,-2.1126021034,-6.9301095294,-2.6627728061,,,-0.0069846411,-3.5859240947,-2.4726004616,-1.8041245829,-2.0580317659,-1.1582126802,-4.2928879263,-1.8396862873,-3.5554412236,-2.8373109281,-1.8302351988,-1.1785337895,-3.3724750533,-1.618963812,-2.4460550723,-1.804098427,,,
Barbados,BRB,Cash surplus/deficit (% of GDP),GC.BAL.CASH.GD.ZS,,,,,,,,,,,,,,,,,,,,,,,,,,,,,,,,,,,,,,,,,,,,-2.3531451603,-1.7328202589,-2.3452210904,-1.7395510631,-8.0889714034,-4.9756388248,-6.2712518905,-7.9597480936,-4.5874521455,-9.9102140505,-12.2415165616,,
Brunei Darussalam,BRN,Cash surplus/deficit (% of GDP),GC.BAL.CASH.GD.ZS,,,,,,,,,,,,,,,,,,,,,,,,,,,,,,,,,,,,,,,,,,,,,,,,,,,,,,,,
Bhutan,BTN,Cash surplus/deficit (% of GDP),GC.BAL.CASH.GD.ZS,,,,,,,,,,,,,,,,,,,,,,,,,,,,,,,-5.8312812405,-0.0510020819,-2.2397967643,6.7438559561,2.7251179632,-0.0508749277,3.0211962472,0.1934050969,2.3204534634,-2.0200976719,-2.4052771995,-9.0295179805,-3.6532856212,-9.8368583938,2.018297747,-0.9868817123,1.3224377209,2.4622374986,-1.3858468508,0.5004638931,,,,,,
Botswana,BWA,Cash surplus/deficit (% of GDP),GC.BAL.CASH.GD.ZS,,,,,,,,,,,,,,,,,,,,,,,,,,,,,,,19.0847022624,16.9080701314,15.8255124087,13.9380703262,3.5619960471,4.993823489,9.7617732657,,,,,,,,,,12.5005538693,5.216189438,-6.5476726168,-12.1246081638,-7.5422482216,-0.3989891169,1.3535108615,,,
Central African Republic,CAF,Cash surplus/deficit (% of GDP),GC.BAL.CASH.GD.ZS,,,,,,,,,,,,,,,,,,,,,,,,,,,,,,,,,,,,,,,,,,,,,-0.4729331554,,,,-0.9677194179,-6.1360643856,-9.021875786,-6.6206758242,0.6619880012,,,
Canada,CAN,Cash surplus/deficit (% of GDP),GC.BAL.CASH.GD.ZS,,,,,,,,,,,,,,,,,,,,,,,,,,,,,,,,,,,,,,,,,,,,,,,,,,,-2.4108754316,-1.7721328758,-0.9293217448,-0.6189805567,,
Central Europe and the Baltics,CEB,Cash surplus/deficit (% of GDP),GC.BAL.CASH.GD.ZS,,,,,,,,,,,,,,,,,,,,,,,,,,,,,,,,,,,-2.9395857517,-2.9797161304,-2.810075425,-2.6837918331,-2.538213058,-3.0280984674,-3.326116142,-3.7128824439,-4.7829328997,-5.1371214346,-4.6616935658,-4.1959695361,-4.2162520229,-2.7113752289,-3.5351696137,-6.5746802178,-5.2847150103,-4.5110481249,-2.9709363318,-3.4515243469,,
Switzerland,CHE,Cash surplus/deficit (% of GDP),GC.BAL.CASH.GD.ZS,,,,,,,,,,,,,,,,,,,,,,,,,,,,,,,,-0.0452479588,-1.1225708989,-1.6995624398,-1.0071353776,-0.5347293397,-0.8585947039,-1.0046905691,-0.3292354482,-0.1536305921,2.0103361316,0.2864652532,-0.4543333731,-1.0533483609,-1.2584874324,-0.7671394643,0.0390772358,0.1983241254,0.8044057476,-0.1307457922,0.3001746483,0.0825790368,0.0694175603,,,
Channel Islands,CHI,Cash surplus/deficit (% of GDP),GC.BAL.CASH.GD.ZS,,,,,,,,,,,,,,,,,,,,,,,,,,,,,,,,,,,,,,,,,,,,,,,,,,,,,,,,
Chile,CHL,Cash surplus/deficit (% of GDP),GC.BAL.CASH.GD.ZS,,,,,,,,,,,,,,,,,,,,,,,,,,,,,,,0.3414982619,1.2475580636,2.1029337743,1.7117238801,1.4706554536,2.1569288248,2.0601986817,1.9112323442,0.4136601496,-1.3399837669,-1.4486298443,-1.3273129614,-1.9826547161,-1.1963504773,1.3129983558,3.6632600004,6.6765680779,7.6945955275,3.8212688844,-4.9215486212,-0.4240838755,1.2922637267,0.5453759128,-0.6066161913,,
China,CHN,Cash surplus/deficit (% of GDP),GC.BAL.CASH.GD.ZS,,,,,,,,,,,,,,,,,,,,,,,,,,,,,,,,,,,,,,,,,,,,,,,,,,,,,,,,
Cote d'Ivoire,CIV,Cash surplus/deficit (% of GDP),GC.BAL.CASH.GD.ZS,,,,,,,,,,,,,,,,,,,,,,,,,,,,,,,,,,,,,,,,,,2.9406065915,2.3957264212,-2.1919472811,-1.2909549474,-1.3249353063,-0.3605533036,0.0133343518,0.3199649889,1.631273278,-0.6484851627,-3.4494322717,-2.7867560453,-2.2595733689,,
Cameroon,CMR,Cash surplus/deficit (% of GDP),GC.BAL.CASH.GD.ZS,,,,,,,,,,,,,,,,,,,,,,,,,,,,,,,-5.585779047,-4.5440392101,-1.8705599113,-1.4697915647,-2.4403205065,0.2488231239,,,1.4610401214,0.1241368868,,,,,,,,,,,,,,,,
"Congo, Rep.",COG,Cash surplus/deficit (% of GDP),GC.BAL.CASH.GD.ZS,,,,,,,,,,,,,,,,,,,,,,,,,,,,,,,,,-13.124678034,-12.6167609862,-13.2232581978,-8.1651204363,-1.8858189478,-8.0858602133,-19.6522048462,-5.6199533568,,-1.2689013258,-5.2429687347,6.5515921173,-3.2255004271,9.6217465171,18.6223479875,11.5249064025,27.9040164916,7.5502168531,39.9077245578,,,,,
Colombia,COL,Cash surplus/deficit (% of GDP),GC.BAL.CASH.GD.ZS,,,,,,,,,,,,,,,,,,,,,,,,,,,,,,,,,,,,,,,-3.3846851091,-6.1130711,-3.1222944275,,,-5.1372484185,,,,,-5.8053910608,-7.2650377477,-4.6818880684,-1.3306038931,2.5162480504,-5.5036519697,,
Comoros,COM,Cash surplus/deficit (% of GDP),GC.BAL.CASH.GD.ZS,,,,,,,,,,,,,,,,,,,,,,,,,,,,,,,,,,,,,,,,,,,,,,,,,,,,,,,,
Cabo Verde,CPV,Cash surplus/deficit (% of GDP),GC.BAL.CASH.GD.ZS,,,,,,,,,,,,,,,,,,,,,,,,,,,,,,,,,,,,,,,,,,,,,,-2.9478055527,-1.912512301,1.8484388008,2.1787518227,-0.4256497743,,,,,,
Costa Rica,CRI,Cash surplus/deficit (% of GDP),GC.BAL.CASH.GD.ZS,,,,,,,,,,,,,,,,,,,,,,,,,,,,,,,-1.9477283944,-0.9772941835,0.7665597062,-0.1496031082,-4.4300073433,-2.1294718434,-2.8276913081,-1.8371205414,-1.2043566773,-1.4135469226,-1.3148754161,-1.2121278885,-3.4061196058,-1.5980289059,-1.3265739489,-0.7949102012,1.1458468788,1.7355596143,-0.7844806452,-3.3598446281,-4.5172719044,-3.7907261597,-4.7913892684,-5.2439735256,,
Caribbean small states,CSS,Cash surplus/deficit (% of GDP),GC.BAL.CASH.GD.ZS,,,,,,,,,,,,,,,,,,,,,,,,,,,,,,,,,,,,,,,,,,-1.2802394123,-3.5964079004,-0.6919138291,-0.9341921907,2.1462276422,-0.4594755134,-1.7522124896,-1.5292731256,-6.0343648398,-3.5453835299,,,,,
Cuba,CUB,Cash surplus/deficit (% of GDP),GC.BAL.CASH.GD.ZS,,,,,,,,,,,,,,,,,,,,,,,,,,,,,,,,,,,,,,,,,,,,,,,,,,,,,,,,
Curacao,CUW,Cash surplus/deficit (% of GDP),GC.BAL.CASH.GD.ZS,,,,,,,,,,,,,,,,,,,,,,,,,,,,,,,,,,,,,,,,,,,,,,,,,,,,,,,,
Cayman Islands,CYM,Cash surplus/deficit (% of GDP),GC.BAL.CASH.GD.ZS,,,,,,,,,,,,,,,,,,,,,,,,,,,,,,,,,,,,,,,,,,,,,,,,,,,,,,,,
Cyprus,CYP,Cash surplus/deficit (% of GDP),GC.BAL.CASH.GD.ZS,,,,,,,,,,,,,,,,,,,,,,,,,,,,,,,-8.4156538007,-10.4955019434,-7.2817506375,-3.2427256469,-2.2385401091,,,,-8.0473978613,-8.3213606984,-5.2772738706,-4.9700791935,-8.5621292065,-11.9232345052,-8.4909362786,-5.9220190528,-4.0404329172,3.3387507234,-0.7810714489,-6.6818142836,-7.0445587092,-7.6369880237,-6.7152264863,-4.5935358249,,
Czech Republic,CZE,Cash surplus/deficit (% of GDP),GC.BAL.CASH.GD.ZS,,,,,,,,,,,,,,,,,,,,,,,,,,,,,,,,,,0.1450855364,-1.1428799767,-0.8709492664,-1.1106562758,-1.5500347871,-1.9837234147,-2.0137665937,-3.3110093019,-3.7342172,-5.5268496549,-4.4706430865,-2.9427554821,-3.412828594,-3.8818053845,-1.4415607835,-1.3738293039,-5.6820966351,-4.5481505575,-4.2257932918,-2.3340945632,,,
Germany,DEU,Cash surplus/deficit (% of GDP),GC.BAL.CASH.GD.ZS,,,,,,,,,,,,,,,,,,,,,,,,,,,,,,,-0.5151352212,-3.1674897177,-2.3918782531,-2.6187978803,-1.8618333995,-8.626452848,-2.8862302654,-2.2533797543,-2.4360941379,-1.8365223385,0.5897989961,-2.171295876,-2.7292479014,-2.7630090793,-2.9135199655,-2.8680574352,-1.8067071773,-0.8340670541,-0.925931336,-2.7775700327,-3.1841507562,-1.0026561899,-0.5346551186,-0.1579327997,,
Djibouti,DJI,Cash surplus/deficit (% of GDP),GC.BAL.CASH.GD.ZS,,,,,,,,,,,,,,,,,,,,,,,,,,,,,,,,,,,,,,,,,,,,,,,,,,,,,,,,
Dominica,DMA,Cash surplus/deficit (% of GDP),GC.BAL.CASH.GD.ZS,,,,,,,,,,,,,,,,,,,,,,,,,,,,,,,,,,,,,,,,,-5.172126495,-7.7286567908,-6.7560268201,-3.5969461081,-4.1605600648,-1.5,0.559772296,-0.9314586995,-2.7081649151,-2.1271763815,-6.2640660165,-8.4342688331,-11.7786259542,,,
Denmark,DNK,Cash surplus/deficit (% of GDP),GC.BAL.CASH.GD.ZS,,,,,,,,,,,,,,,,,,,,,,,,,,,,,,,-0.4172645106,-1.2337861331,-1.3056912457,-1.9177778542,-2.1976997553,-5.5884189715,-3.7189442233,-2.6471739583,-1.9551643949,-1.027286972,0.1410798244,-0.45000882,-1.2038825173,-1.6973705278,0.2728494699,3.900316066,4.1081251812,3.3628579335,1.7088294196,-3.9537102033,-2.637090394,-2.2194235422,-3.6750466981,-1.1898369004,,
Dominican Republic,DOM,Cash surplus/deficit (% of GDP),GC.BAL.CASH.GD.ZS,,,,,,,,,,,,,,,,,,,,,,,,,,,,,,,0.5890039421,0.2388478797,2.5121589857,0.0906871214,-0.5124690432,0.5994561468,-0.2114328934,0.3307284183,0.4822306456,-0.3691985293,0.836410869,0.271670663,-0.1544891172,1.1599906367,-1.387743419,-0.4993823369,-0.81531218,0.2830032012,-3.6396937202,-3.4783871702,-2.91175901,-2.7237011716,-6.4605578538,-3.2012640641,,
Algeria,DZA,Cash surplus/deficit (% of GDP),GC.BAL.CASH.GD.ZS,,,,,,,,,,,,,,,,,,,,,,,,,,,,,,,,,,,-3.9843773206,-1.2618297153,2.9629571403,2.2830028058,-3.5763281013,-0.3454396967,9.7014442999,4.3646800427,1.1630020736,5.5067449959,5.309300035,13.3948727807,13.1805240655,4.9749344107,9.2791319903,-4.4917752831,0.4072029337,-0.2828934418,,,,
East Asia & Pacific (developing only),EAP,Cash surplus/deficit (% of GDP),GC.BAL.CASH.GD.ZS,,,,,,,,,,,,,,,,,,,,,,,,,,,,,,,,,,,,,,,,,,,,,,,,,,,,,,,,
East Asia & Pacific (all income levels),EAS,Cash surplus/deficit (% of GDP),GC.BAL.CASH.GD.ZS,,,,,,,,,,,,,,,,,,,,,,,,,,,,,,,,,,,,,,,,,,,,,,,,,,,-4.8448917502,-5.8095855636,,,,
Europe & Central Asia (developing only),ECA,Cash surplus/deficit (% of GDP),GC.BAL.CASH.GD.ZS,,,,,,,,,,,,,,,,,,,,,,,,,,,,,,,-2.4924094866,-4.0769208383,-4.2323321056,-5.7467900346,-3.7189413667,-3.8786907333,-7.670151606,-6.4230988847,-4.7754537315,,,,,,,,,,-1.7625734725,-6.1049985357,-3.3849411261,-1.5825125014,-1.9551152572,-1.1450034211,,
Europe & Central Asia (all income levels),ECS,Cash surplus/deficit (% of GDP),GC.BAL.CASH.GD.ZS,,,,,,,,,,,,,,,,,,,,,,,,,,,,,,,-1.583326248,-2.4209980187,-3.6596720289,-5.0469973776,-4.47503179,-5.7501007295,-4.5750063671,-3.2726476272,-2.7062520786,-1.615448556,-0.2883574232,-1.5572601583,-2.3700196039,-3.2753691565,-2.8719779167,-2.3925365195,-1.7168046633,-1.4231065159,-2.1898798895,-6.344017878,-4.8326343494,-3.0948788257,-3.2782399064,-2.5300112503,,
Ecuador,ECU,Cash surplus/deficit (% of GDP),GC.BAL.CASH.GD.ZS,,,,,,,,,,,,,,,,,,,,,,,,,,,,,,,1.9695413063,0.9893969043,-0.2709399088,1.0829801585,0.0748987138,,,,,,,,,,,,,,,,,,,,,
"Egypt, Arab Rep.",EGY,Cash surplus/deficit (% of GDP),GC.BAL.CASH.GD.ZS,,,,,,,,,,,,,,,,,,,,,,,,,,,,,,,-1.9503275132,2.472933409,-1.1746944644,4.2326030928,3.004,3.4416666667,-1.4006102877,-1.62805566,,,,,-6.7453153866,-5.8162874251,-5.6105501751,-6.4488579387,-7.1684960337,-4.557961869,-6.3607906198,-6.562962963,-7.7339134759,-10.0824593392,-10.1145116504,,,
Euro area,EMU,Cash surplus/deficit (% of GDP),GC.BAL.CASH.GD.ZS,,,,,,,,,,,,,,,,,,,,,,,,,,,,,,,-2.1110436507,-2.6950102754,-3.093920296,-4.3060697578,-3.9972487874,-7.8043728544,-4.8880549442,-3.6284604421,-3.2200217303,-2.3436407654,-1.1287974892,-2.6697401102,-3.1823226513,-3.7947756594,-3.6389261885,-3.5753626079,-2.6566428192,-2.0750080705,-2.720611744,-6.0794425084,-4.9073038736,-3.2627233494,-3.3650396955,-2.5638776064,,
Eritrea,ERI,Cash surplus/deficit (% of GDP),GC.BAL.CASH.GD.ZS,,,,,,,,,,,,,,,,,,,,,,,,,,,,,,,,,,,,,,,,,,,,,,,,,,,,,,,,
Spain,ESP,Cash surplus/deficit (% of GDP),GC.BAL.CASH.GD.ZS,,,,,,,,,,,,,,,,,,,,,,,,,,,,,,,-2.5998406281,-2.9622472569,-3.4832926875,-6.512047142,-6.1478768365,,-5.4480383219,,,,,,,,,,,,,,-4.7878043839,-3.4433438308,-7.9196679938,-4.7714860871,,
Estonia,EST,Cash surplus/deficit (% of GDP),GC.BAL.CASH.GD.ZS,,,,,,,,,,,,,,,,,,,,,,,,,,,,,,,,,,,,0.0186253572,-0.0633990215,0.0873053165,-0.0734149384,-0.2551142644,-0.0654572474,-0.0274834536,-0.0189913747,0.0442521927,0.0852579545,0.0020996511,0.0806356825,0.0850507567,-0.2515485953,-0.2322726811,-0.0385594045,3.83447727942848E-005,-0.0488760377,-0.0214104871,,
Ethiopia,ETH,Cash surplus/deficit (% of GDP),GC.BAL.CASH.GD.ZS,,,,,,,,,,,,,,,,,,,,,,,,,,,,,,,-6.5929718222,-5.8732967812,-4.7394101295,-3.7503159118,-5.1883851405,-3.1002978078,-1.6425208267,-1.1387389007,-3.0513879263,-4.2019225587,,-4.202113609,-7.4592396416,-5.5193834867,-3.3219289638,-4.4768510724,-4.2093714587,-2.7578405823,-1.9215924381,-2.2225663918,-2.7339574295,-1.3498397713,,,,
European Union,EUU,Cash surplus/deficit (% of GDP),GC.BAL.CASH.GD.ZS,,,,,,,,,,,,,,,,,,,,,,,,,,,,,,,-1.6201183699,-2.477528364,-3.7692727788,-5.1931692756,-4.5877903273,-7.2477801252,-4.7782314002,-3.4373779883,-2.6742510513,-1.8776229071,-0.8432164888,-2.1732506967,-3.1665400253,-3.9030469759,-3.6578559992,-3.4556602563,-2.7142988352,-2.1919151639,-3.1237716295,-6.8862100253,-5.5222980973,-3.9012900486,-4.0356149536,-3.0377748531,,
Fragile and conflict affected situations,FCS,Cash surplus/deficit (% of GDP),GC.BAL.CASH.GD.ZS,,,,,,,,,,,,,,,,,,,,,,,,,,,,,,,,,,,,,,,,,,,,,,,,,,,,,,,,
Finland,FIN,Cash surplus/deficit (% of GDP),GC.BAL.CASH.GD.ZS,,,,,,,,,,,,,,,,,,,,,,,,,,,,,,,1.0043962114,-5.0112889032,-8.1675776929,-10.3547359052,-9.1335282919,-8.6154054954,-5.4644318714,-1.8277403168,0.6479367613,0.7626679357,5.5393691108,4.3146824927,3.4196751694,2.1158678938,2.0192206162,2.3122272199,3.2401792485,4.3256654118,3.5511659328,-2.9608536975,-4.3917691074,-2.3574051781,-2.7603569695,-2.5875122692,,
Fiji,FJI,Cash surplus/deficit (% of GDP),GC.BAL.CASH.GD.ZS,,,,,,,,,,,,,,,,,,,,,,,,,,,,,,,0.8565656566,-3.2845249755,-2.6529991747,-4.3604997026,-3.469540488,-3.0564076654,-4.6157965194,,,,,,,,-0.0412332311,-3.2889017562,-2.9155442201,,,,,,,,,
France,FRA,Cash surplus/deficit (% of GDP),GC.BAL.CASH.GD.ZS,,,,,,,,,,,,,,,,,,,,,,,,,,,,,,,-1.3925392857,-1.8425419815,-3.5133860908,-5.5143761227,-5.4729473184,-6.621517522,-5.6266219564,-5.5319471642,-4.3435567493,-3.4921551717,-3.0318613218,-3.1107131823,-4.7545838813,-5.4635613499,-4.8908767378,-4.5458263631,-3.6846643684,-3.6587235221,-4.2265215843,-8.443622742,-5.5468128043,-4.4392599564,-4.0812447381,-3.2064689721,,
Faroe Islands,FRO,Cash surplus/deficit (% of GDP),GC.BAL.CASH.GD.ZS,,,,,,,,,,,,,,,,,,,,,,,,,,,,,,,,,,,,,,,,,,,,,,,,,,,,,,,,
"Micronesia, Fed. Sts.",FSM,Cash surplus/deficit (% of GDP),GC.BAL.CASH.GD.ZS,,,,,,,,,,,,,,,,,,,,,,,,,,,,,,,,,,,,,,,,,,,,,,,,,,,,,,,,
Gabon,GAB,Cash surplus/deficit (% of GDP),GC.BAL.CASH.GD.ZS,,,,,,,,,,,,,,,,,,,,,,,,,,,,,,,,,,,,,,,,,,,,,,,,,,,,,,,,
United Kingdom,GBR,Cash surplus/deficit (% of GDP),GC.BAL.CASH.GD.ZS,,,,,,,,,,,,,,,,,,,,,,,,,,,,,,,-0.9094122523,-2.3346911116,-6.1029204112,-7.4858643095,-6.201860433,-6.1452875683,-4.8088707226,-2.8891156362,-0.8268458272,0.1224719362,0.6480358003,-0.1183683575,-2.6809307347,-4.2370283043,-4.1075389658,-3.9681514351,-3.634101032,-3.629116496,-5.5941137446,-11.220632317,-9.464060254,-7.3422950577,-7.8036263229,-5.4701896136,,
Georgia,GEO,Cash surplus/deficit (% of GDP),GC.BAL.CASH.GD.ZS,,,,,,,,,,,,,,,,,,,,,,,,,,,,,,,,,,,,,,-4.2920558963,-2.781703369,-2.2068567834,-1.6134218428,0.2052742568,-1.8374399445,-0.8932644915,0.5354073317,1.5248319791,1.5554838704,0.7626320286,-1.8962138962,-7.7565884577,-4.4284041448,-1.2072796655,-0.4624094817,,,
Ghana,GHA,Cash surplus/deficit (% of GDP),GC.BAL.CASH.GD.ZS,,,,,,,,,,,,,,,,,,,,,,,,,,,,,,,,,,,,,,,,,,-6.5066337104,-5.0209140027,-3.6224286062,-1.3598779089,-1.4088851418,-4.2049315136,-4.6873787301,-5.8738289267,-5.6465893904,-7.1998933646,-3.9178763718,,,,
Guinea,GIN,Cash surplus/deficit (% of GDP),GC.BAL.CASH.GD.ZS,,,,,,,,,,,,,,,,,,,,,,,,,,,,,,,,,,,,,,,-4.2535100076,-2.387661674,,,,,,,,,,,,,,,,
"Gambia, The",GMB,Cash surplus/deficit (% of GDP),GC.BAL.CASH.GD.ZS,,,,,,,,,,,,,,,,,,,,,,,,,,,,,,,2.095825245,,,,,,,,,,,,,,,,,,,,,,,,,
Guinea-Bissau,GNB,Cash surplus/deficit (% of GDP),GC.BAL.CASH.GD.ZS,,,,,,,,,,,,,,,,,,,,,,,,,,,,,,,,,,,,,,,,,,,,,,,,,,,,,,,,
Equatorial Guinea,GNQ,Cash surplus/deficit (% of GDP),GC.BAL.CASH.GD.ZS,,,,,,,,,,,,,,,,,,,,,,,,,,,,,,,,,,,,,,,,,,,,,,,,20.814339242,18.0143068212,-9.5209968872,,,,,,
Greece,GRC,Cash surplus/deficit (% of GDP),GC.BAL.CASH.GD.ZS,,,,,,,,,,,,,,,,,,,,,,,,,,,,,,,-19.6480188343,,,,,-10.3337913814,-7.9350381244,-7.1762233168,-5.2010767595,-4.541486998,-5.1489936137,-5.9135097635,-6.1225682939,-6.7482746799,-8.2399058122,-6.9116849266,-8.0390514035,-8.7187229805,-12.0013042485,-17.5019000674,-10.5896769217,-9.2175547843,-8.2493083814,-14.6156327163,,
Grenada,GRD,Cash surplus/deficit (% of GDP),GC.BAL.CASH.GD.ZS,,,,,,,,,,,,,,,,,,,,,,,,,,,,,,,,,,,,,,,,-3.5024410746,-2.1080822306,-6.5826961343,-14.3189122672,-3.6409218814,-0.6058282408,2.9773638325,-5.1961823966,-5.3173828125,-4.9910313901,-4.9220849204,-2.43545929,-3.1583682768,-5.5378529704,,,
Greenland,GRL,Cash surplus/deficit (% of GDP),GC.BAL.CASH.GD.ZS,,,,,,,,,,,,,,,,,,,,,,,,,,,,,,,,,,,,,,,,,,,,,,,,,,,,,,,,
Guatemala,GTM,Cash surplus/deficit (% of GDP),GC.BAL.CASH.GD.ZS,,,,,,,,,,,,,,,,,,,,,,,,,,,,,,,-1.9100192457,0.0696794504,0.2353042794,-0.6979411842,-1.1747148533,-0.4682685364,-0.1192937991,-0.6820403573,-1.2392022243,-1.6397735865,-1.7806438968,-1.9331824752,-0.9551477466,-2.5947672902,-1.046224214,-1.7186580939,-1.9567857354,-1.4330343465,-1.5832043956,-3.1436604197,-3.2984494505,-2.7451399334,-2.3311091598,,,
Guam,GUM,Cash surplus/deficit (% of GDP),GC.BAL.CASH.GD.ZS,,,,,,,,,,,,,,,,,,,,,,,,,,,,,,,,,,,,,,,,,,,,,,,,,,,,,,,,
Guyana,GUY,Cash surplus/deficit (% of GDP),GC.BAL.CASH.GD.ZS,,,,,,,,,,,,,,,,,,,,,,,,,,,,,,,,,,,,,,,,,,,,,,,,,,,,,,,,
High income,HIC,Cash surplus/deficit (% of GDP),GC.BAL.CASH.GD.ZS,,,,,,,,,,,,,,,,,,,,,,,,,,,,,,,-2.3391202996,-3.7043904562,-4.0133898343,-4.038206902,-3.3780055139,-3.6905217254,-2.7388597864,-1.4156231988,-0.8889020133,-0.1381318672,1.0392477237,-1.3503621839,-3.0488811445,-4.0550628111,-3.6831755523,-3.0184117791,-2.2556348552,-2.1909311479,-3.9583769811,-8.3952795813,-5.5365500445,-4.4345337378,-3.9689325815,-2.7040625954,,
"Hong Kong SAR, China",HKG,Cash surplus/deficit (% of GDP),GC.BAL.CASH.GD.ZS,,,,,,,,,,,,,,,,,,,,,,,,,,,,,,,,,,,,,,,,,,,-6.9607758811,-6.0710506471,-1.7254281306,0.6579450086,3.177901562,5.9484257366,0.0448611968,0.4551458428,,,,,,
Honduras,HND,Cash surplus/deficit (% of GDP),GC.BAL.CASH.GD.ZS,,,,,,,,,,,,,,,,,,,,,,,,,,,,,,,,,,,,,,,,,,,,-2.9660164825,-0.7235206786,-0.7640388054,0.8727851702,-1.0612589302,-0.2131023726,-4.4582238737,-3.2417486952,-2.7645756373,-3.5883393386,-6.1057795617,,
Heavily indebted poor countries (HIPC),HPC,Cash surplus/deficit (% of GDP),GC.BAL.CASH.GD.ZS,,,,,,,,,,,,,,,,,,,,,,,,,,,,,,,,,,,,,,,,,,,,,,,,,,,,,,,,
Croatia,HRV,Cash surplus/deficit (% of GDP),GC.BAL.CASH.GD.ZS,,,,,,,,,,,,,,,,,,,,,,,,,,,,,,,,,,,,-1.1281342354,-0.5489501825,-0.9654101486,0.0580353629,-4.5281129091,-5.2439205858,-4.0937703185,-3.0785121186,-3.4102373675,-3.3066905065,-2.3646605549,-1.5171327494,-1.0859122933,-0.8274731395,-3.0420670389,-4.3993876096,-4.6285888888,-3.3832221483,,,
Haiti,HTI,Cash surplus/deficit (% of GDP),GC.BAL.CASH.GD.ZS,,,,,,,,,,,,,,,,,,,,,,,,,,,,,,,,,,,,,,,,,,,,,,,,,,,,,,,,
Hungary,HUN,Cash surplus/deficit (% of GDP),GC.BAL.CASH.GD.ZS,,,,,,,,,,,,,,,,,,,,,,,,,,,,,,,,-4.4764718113,-7.8933699501,-8.5130333157,-7.7929876379,-10.9905731577,-7.0481783872,-7.7233554802,-9.2895565691,-7.3201892176,-4.8939401453,-6.1625838448,-9.8278088676,-8.7989220321,-7.8071961916,-8.986442792,-10.2762317414,-6.774432403,-5.5672606117,-6.1772301565,-3.851226328,-6.1600224584,-2.7908938728,-5.3718234871,,
Indonesia,IDN,Cash surplus/deficit (% of GDP),GC.BAL.CASH.GD.ZS,,,,,,,,,,,,,,,,,,,,,,,,,,,,,,,0.4012020857,0.4384550584,-0.5506473284,0.4048201044,1.9891700545,3.0150879224,2.3159484194,0.1575286414,-1.7458790325,-2.4733943934,,,-0.2945105189,-2.3155334396,-1.1048436586,,,,,,-0.6824495511,-1.0706107199,-1.7602222552,,,
Isle of Man,IMN,Cash surplus/deficit (% of GDP),GC.BAL.CASH.GD.ZS,,,,,,,,,,,,,,,,,,,,,,,,,,,,,,,,,,,,,,,,,,,,,,,,,,,,,,,,
India,IND,Cash surplus/deficit (% of GDP),GC.BAL.CASH.GD.ZS,,,,,,,,,,,,,,,,,,,,,,,,,,,,,,,-3.3279746701,-2.2106490101,-2.26687934,-3.8370810249,-2.362511931,-2.143104784,-1.9838977569,-2.7421887384,-3.2459645631,-3.2245092215,-3.7446277,-4.2731160428,-4.581310648,-3.370927813,-3.2000390696,-3.1778846522,-2.2429009493,-0.4706151691,-4.8702118477,-5.4186994351,-3.4136573899,-3.0086351134,-3.8057114429,,,
Not classified,INX,Cash surplus/deficit (% of GDP),GC.BAL.CASH.GD.ZS,,,,,,,,,,,,,,,,,,,,,,,,,,,,,,,,,,,,,,,,,,,,,,,,,,,,,,,,
Ireland,IRL,Cash surplus/deficit (% of GDP),GC.BAL.CASH.GD.ZS,,,,,,,,,,,,,,,,,,,,,,,,,,,,,,,-2.3706366554,-2.3827675351,-2.5985049765,-2.6689732429,-2.3180181,-2.74648449,-0.8584263588,0.7062115487,1.5633395074,1.84056027,4.3445652904,0.758141121,-0.6573825041,-0.2018673533,0.6425802725,0.4020454333,1.94074435,-0.2091294295,-7.3431942474,-14.5436733833,-32.3012087045,-12.4722445858,-7.966332893,-5.6808482232,,
"Iran, Islamic Rep.",IRN,Cash surplus/deficit (% of GDP),GC.BAL.CASH.GD.ZS,,,,,,,,,,,,,,,,,,,,,,,,,,,,,,,-1.7674680477,-2.1715914756,-1.349824107,-0.5135059959,-0.2347356657,1.0406841901,0.7610180352,-0.4282488685,-5.3395893968,0.1117983215,1.6558084992,0.8914983376,0.6412324911,1.4376391225,3.6492565622,5.2292101954,2.7262510979,6.6553180174,2.3762046816,0.4713582468,,,,,,
Iraq,IRQ,Cash surplus/deficit (% of GDP),GC.BAL.CASH.GD.ZS,,,,,,,,,,,,,,,,,,,,,,,,,,,,,,,,,,,,,,,,,,,,,,,,,,,,,,,,
Iceland,ISL,Cash surplus/deficit (% of GDP),GC.BAL.CASH.GD.ZS,,,,,,,,,,,,,,,,,,,,,,,,,,,,,,,-2.5501421938,-3.6581676608,-2.581814415,-3.0028684694,-2.8294207618,-2.3914876938,-1.1299725468,0.4102701844,-0.2595153302,1.2832452731,1.2474716646,-1.3703320864,-2.5359321846,-3.3587355505,-0.5343709453,3.3723202032,4.5926738805,3.3766557976,-13.4354605605,-9.9046471755,-8.8758803185,-5.4429540534,-3.2934776165,-1.5842491359,,
Israel,ISR,Cash surplus/deficit (% of GDP),GC.BAL.CASH.GD.ZS,,,,,,,,,,,,,,,,,,,,,,,,,,,,,,,-4.2292897814,-3.4125539376,-3.5823402273,-2.4451189417,-2.6081025335,-3.6530496552,-3.6596001027,-2.2026885773,-2.4936648657,-2.5637628345,-3.7288510021,-5.8591704733,-7.0529249628,-7.2651108593,-5.6334412353,-4.7286438719,-2.3037386351,-1.2048081468,-3.2404804921,-6.1732141165,-4.8657205146,-4.4668964286,-5.6324456036,-4.6271037424,,
Italy,ITA,Cash surplus/deficit (% of GDP),GC.BAL.CASH.GD.ZS,,,,,,,,,,,,,,,,,,,,,,,,,,,,,,,,,,,,-8.6622310741,-7.6394319379,-4.0916002391,-3.9963851286,-2.4302154411,-2.3596527905,-4.3726707636,-3.4663810851,-4.2360710691,-3.8869148543,-4.6363757435,-3.8580213809,-2.6916646793,-3.7242760274,-6.283652226,-4.0888228295,-3.49383675,-3.2876636689,-2.9710098359,,
Jamaica,JAM,Cash surplus/deficit (% of GDP),GC.BAL.CASH.GD.ZS,,,,,,,,,,,,,,,,,,,,,,,,,,,,,,,,,,,,,,,,,-2.0621373904,-3.3138781994,-6.4500247563,-2.388197395,-2.9459982572,-0.8698795743,-1.751468538,-3.98463963,-5.8339217453,-9.3794215735,-5.9026780625,-6.1316462489,-3.4101017767,0.790547952,,
Jordan,JOR,Cash surplus/deficit (% of GDP),GC.BAL.CASH.GD.ZS,,,,,,,,,,,,,,,,,,,,,,,,,,,,,,,-3.373422027,-2.1612576065,4.5903200304,1.2305988877,0.5782059582,0.9311511111,-1.6306317077,-3.1984227033,-5.0347407453,-1.2986937672,-2.0307944345,-3.1378496341,-3.1262356894,-0.322815221,-1.4408433434,-5.1227044115,-3.640342788,-4.6870019519,-2.1739950876,-8.9225898539,-5.5713618972,-6.7527855106,-8.3039436025,,,
Japan,JPN,Cash surplus/deficit (% of GDP),GC.BAL.CASH.GD.ZS,,,,,,,,,,,,,,,,,,,,,,,,,,,,,,,,,,,,,,,,,,,,,,,,,,,-6.7460100285,-8.2091265466,-7.7710359529,-7.177502666,,
Kazakhstan,KAZ,Cash surplus/deficit (% of GDP),GC.BAL.CASH.GD.ZS,,,,,,,,,,,,,,,,,,,,,,,,,,,,,,,,,,,,,,-1.8031956009,-2.4856578356,-2.8109213178,0.0900456387,0.0646859452,0.3480455739,-0.6109955533,0.2209527983,,,,,,,,,,,
Kenya,KEN,Cash surplus/deficit (% of GDP),GC.BAL.CASH.GD.ZS,,,,,,,,,,,,,,,,,,,,,,,,,,,,,,,,-2.756989738,-1.6115135256,-0.1924395291,-3.4138855477,-5.0663003782,-0.7750022529,-0.5775574344,,,1.975454345,2.0019434025,1.993478544,-2.1968640604,-1.4653531388,1.4948088674,-2.0298563892,-2.5399577989,-3.4604237176,-4.3921498098,-4.7284462404,-3.64837518,-3.8445537945,,,
Kyrgyz Republic,KGZ,Cash surplus/deficit (% of GDP),GC.BAL.CASH.GD.ZS,,,,,,,,,,,,,,,,,,,,,,,,,,,,,,,,,,,,-10.7531077541,-5.4608471194,-5.9783547385,-3.6402838971,-2.9929824624,-2.8657581423,-0.7574106733,,,,,-0.6962653811,-1.5159763689,-0.0375707677,-1.3189149943,-4.8464935905,-4.8421460818,-6.5177074338,,,
Cambodia,KHM,Cash surplus/deficit (% of GDP),GC.BAL.CASH.GD.ZS,,,,,,,,,,,,,,,,,,,,,,,,,,,,,,,,,,,,,,,,,,,-3.3848883195,-4.4195961912,-2.1573921029,0.0403522526,-1.7133070289,-0.8045191679,-0.3080538488,-4.5376838632,-3.5273108556,-4.564002409,-4.3792203452,-3.0806567997,-0.9639149692,
Kiribati,KIR,Cash surplus/deficit (% of GDP),GC.BAL.CASH.GD.ZS,,,,,,,,,,,,,,,,,,,,,,,,,,,,,,,,,,,,,,,,,,,,,,,,,,,,,,,,
St. Kitts and Nevis,KNA,Cash surplus/deficit (% of GDP),GC.BAL.CASH.GD.ZS,,,,,,,,,,,,,,,,,,,,,,,,,,,,,,,-1.1213643478,-2.5270055275,-1.6401031779,-2.0218795792,-1.3383475849,,,,,,-11.1728885359,-8.8162812422,-8.1345894425,-5.27208545,-5.4836740971,-3.3138798359,-1.4615186779,-1.0718917452,0.5343865519,-0.5642614043,-3.9526430946,2.4672684171,11.2489539708,,,
"Korea, Rep.",KOR,Cash surplus/deficit (% of GDP),GC.BAL.CASH.GD.ZS,,,,,,,,,,,,,,,,,,,,,,,,,,,,,,,1.5307157845,0.491977767,1.0895546279,1.8244405102,1.9595930927,2.2640550717,2.4045369773,2.4334938783,1.1510000912,1.2145454137,4.1544757468,2.5765877592,3.4461306543,1.61494146,0.0928572219,0.8567648546,1.0748253774,2.1672614382,1.5227780694,0.0176652446,1.5332228201,1.6908102539,,,,
Kosovo,KSV,Cash surplus/deficit (% of GDP),GC.BAL.CASH.GD.ZS,,,,,,,,,,,,,,,,,,,,,,,,,,,,,,,,,,,,,,,,,,,,,,,,,,,,,,,,
Kuwait,KWT,Cash surplus/deficit (% of GDP),GC.BAL.CASH.GD.ZS,,,,,,,,,,,,,,,,,,,,,,,,,,,,,,,3.7119384986,-203.7190939906,-90.9293728494,-28.9337917117,-21.4769656427,-13.5814641361,-9.2583755874,4.8226796285,-5.5772659309,,,,,,,,,,,,,,,,,
Latin America & Caribbean (developing only),LAC,Cash surplus/deficit (% of GDP),GC.BAL.CASH.GD.ZS,,,,,,,,,,,,,,,,,,,,,,,,,,,,,,,-3.0562486031,0.6170876786,-0.5268521158,-2.8827481635,-1.2644808037,,,-0.6206909986,-2.2836366831,-2.2481953309,-1.313198391,,,,,,,,,,,,,,,
Lao PDR,LAO,Cash surplus/deficit (% of GDP),GC.BAL.CASH.GD.ZS,,,,,,,,,,,,,,,,,,,,,,,,,,,,,,,,,,,,,,,,,,,,,,,-3.2096409765,-2.6922920302,-2.1703240004,-1.6558938608,-0.8401500657,-0.949183083,-0.8067086722,,,
Lebanon,LBN,Cash surplus/deficit (% of GDP),GC.BAL.CASH.GD.ZS,,,,,,,,,,,,,,,,,,,,,,,,,,,,,,,,,,,,,,,-15.0524951457,-15.3673115388,-18.4023828661,-15.0460400836,-12.7126624754,-13.2511261477,-8.6568529265,-8.0467917392,-11.2611794469,-11.362119774,-10.1539568762,-8.1844722614,-7.5885165794,-6.4195203496,-8.7804733801,-10.6238783175,,
Liberia,LBR,Cash surplus/deficit (% of GDP),GC.BAL.CASH.GD.ZS,,,,,,,,,,,,,,,,,,,,,,,,,,,,,,,,,,,,,,,,,,,,,,,,,,,,,,,,
Libya,LBY,Cash surplus/deficit (% of GDP),GC.BAL.CASH.GD.ZS,,,,,,,,,,,,,,,,,,,,,,,,,,,,,,,,,,,,,,,,,,,,,,,,,,,,,,,,
St. Lucia,LCA,Cash surplus/deficit (% of GDP),GC.BAL.CASH.GD.ZS,,,,,,,,,,,,,,,,,,,,,,,,,,,,,,,,,,,,,,,,,-1.0481794996,-3.1330514539,-2.2240623558,-5.9343868749,-4.1745571165,-5.211187113,-2.9017342977,0.4419160965,0.0403084257,-2.0316063516,-0.604687766,-4.6424584917,-6.4659930573,,,
Latin America & Caribbean (all income levels),LCN,Cash surplus/deficit (% of GDP),GC.BAL.CASH.GD.ZS,,,,,,,,,,,,,,,,,,,,,,,,,,,,,,,-2.4603734201,0.8569674826,-0.474010537,-2.512369417,-1.1148274114,,,-0.2399402842,-2.2314436334,-2.1689457235,-1.3318195328,,,,,,,,,,,,,,,
Least developed countries: UN classification,LDC,Cash surplus/deficit (% of GDP),GC.BAL.CASH.GD.ZS,,,,,,,,,,,,,,,,,,,,,,,,,,,,,,,,,,,,,,,,,,,,,,,,,,,-1.2956148924,-0.1591856824,,,,
Low income,LIC,Cash surplus/deficit (% of GDP),GC.BAL.CASH.GD.ZS,,,,,,,,,,,,,,,,,,,,,,,,,,,,,,,,,,,,,,,,,,,,,,,,,,,-1.7429059037,,,,,
Liechtenstein,LIE,Cash surplus/deficit (% of GDP),GC.BAL.CASH.GD.ZS,,,,,,,,,,,,,,,,,,,,,,,,,,,,,,,,,,,,,,,,,,,,,,,,,,,,,,,,
Sri Lanka,LKA,Cash surplus/deficit (% of GDP),GC.BAL.CASH.GD.ZS,,,,,,,,,,,,,,,,,,,,,,,,,,,,,,,-5.1708599557,-6.6416898307,-4.8264332221,-5.6465124658,-6.7660304895,-7.5766878515,-7.6508081986,-6.3314286741,-7.0311379528,-5.8722526231,-8.398377994,-9.3412128754,-7.3665815626,-6.8621232307,-7.3334605549,-6.9764047518,-6.8830563382,-6.5208255092,-6.5685306717,-8.9208037651,-6.3107686585,-5.8068341999,-5.3086699171,,,
Lower middle income,LMC,Cash surplus/deficit (% of GDP),GC.BAL.CASH.GD.ZS,,,,,,,,,,,,,,,,,,,,,,,,,,,,,,,-2.5794092678,-1.6665050307,-2.0853064812,-2.4622583653,-1.5252672163,-1.2103468811,-1.4907369808,-2.3486345783,-2.9916023388,-3.1268800511,,,-3.195252563,-2.9764959466,-2.7043523309,-2.9300767439,-2.24309071,-1.0875180481,-3.6836080798,-4.6413703513,-3.2305595703,-3.1453174998,-3.9096479009,,,
Low & middle income,LMY,Cash surplus/deficit (% of GDP),GC.BAL.CASH.GD.ZS,,,,,,,,,,,,,,,,,,,,,,,,,,,,,,,,,,,,,,,,,,,,,,,,,,,,,,,,
Lesotho,LSO,Cash surplus/deficit (% of GDP),GC.BAL.CASH.GD.ZS,,,,,,,,,,,,,,,,,,,,,,,,,,,,,,,-0.5569198013,-0.047769185,4.5781995134,,8.4334203655,5.5391527599,5.5957810718,,,,,-2.7509794794,-4.0735930113,0.7632351617,8.2625659869,4.2414194936,13.9410781606,7.9492727898,5.6308430067,,,,,,,
Lithuania,LTU,Cash surplus/deficit (% of GDP),GC.BAL.CASH.GD.ZS,,,,,,,,,,,,,,,,,,,,,,,,,,,,,,,,,,,,-1.5591582733,-2.1967128557,-0.7815862263,-3.475584637,-5.0345994004,-5.1774745705,-4.2519166967,-2.568867951,-1.9585449357,-2.9170617397,-1.6993691724,-1.4159289559,-1.9960086454,-4.4438958259,-10.5394226371,-4.3990992202,-6.7184076649,-1.1814872266,-1.3230466344,,
Luxembourg,LUX,Cash surplus/deficit (% of GDP),GC.BAL.CASH.GD.ZS,,,,,,,,,,,,,,,,,,,,,,,,,,,,,,,2.6172711337,2.5768622933,1.4422733943,1.7914871411,2.0621571254,1.3303352784,2.5117923107,3.9874237125,,1.7560918259,4.0549978277,4.585844757,0.8805124739,-0.7593954547,-2.1288893549,-0.7234426892,0.1979534082,2.4183653529,1.7121850433,-1.6033256241,-0.7801613596,-0.2353236959,-0.6286831731,,,
Latvia,LVA,Cash surplus/deficit (% of GDP),GC.BAL.CASH.GD.ZS,,,,,,,,,,,,,,,,,,,,,,,,,,,,,,,,,,,,-2.4515048768,-0.9777955762,1.585509807,0.2113126109,-2.9596288504,-2.2081638031,-1.1237985017,-1.7792874607,-1.2034209221,-0.9036258429,-0.8506789548,-0.436702262,0.7536296907,-2.5046494565,-6.3806781622,-6.9237040993,-2.8570899729,0.5280549665,,,
"Macao SAR, China",MAC,Cash surplus/deficit (% of GDP),GC.BAL.CASH.GD.ZS,,,,,,,,,,,,,,,,,,,,,,,,,,,,,,,,,,,,,1.4309308425,2.7213770732,0.0001823322,-0.6011255623,1.6441158906,3.4360757046,2.8005515582,4.9930834963,8.0903758758,8.574056134,9.9450586338,16.7263483046,17.7287684776,13.537622922,19.3246319201,24.812938704,24.0916244678,,,
St. Martin (French part),MAF,Cash surplus/deficit (% of GDP),GC.BAL.CASH.GD.ZS,,,,,,,,,,,,,,,,,,,,,,,,,,,,,,,,,,,,,,,,,,,,,,,,,,,,,,,,
Morocco,MAR,Cash surplus/deficit (% of GDP),GC.BAL.CASH.GD.ZS,,,,,,,,,,,,,,,,,,,,,,,,,,,,,,,-1.9801931276,-1.8379508571,-1.133506869,-2.2048573099,-2.7511408125,-4.020772434,,-0.6087171043,-2.4844893073,-2.3787819996,,,-2.7489126041,-2.1722033705,-2.109262174,-2.4564799008,0.5939141115,2.3996096527,1.9384203069,1.0250389356,-3.5214294947,-5.9290282763,-7.4497576901,,,
Monaco,MCO,Cash surplus/deficit (% of GDP),GC.BAL.CASH.GD.ZS,,,,,,,,,,,,,,,,,,,,,,,,,,,,,,,,,,,,,,,,,,,,,,,,,,,,,,,,
Moldova,MDA,Cash surplus/deficit (% of GDP),GC.BAL.CASH.GD.ZS,,,,,,,,,,,,,,,,,,,,,,,,,,,,,,,,,,,,,,-6.279066969,-3.7028202769,-2.9208925871,-1.4913126823,0.959513768,,1.9852334548,0.2687955776,1.8036289248,0.1955116469,-0.336892093,-0.4059023026,-5.918933742,-2.5610180994,-1.7952923922,-2.0458415166,,,
Madagascar,MDG,Cash surplus/deficit (% of GDP),GC.BAL.CASH.GD.ZS,,,,,,,,,,,,,,,,,,,,,,,,,,,,,,,,,,,,,,,,,-2.0436637977,-3.8518141071,-4.4487941327,-3.6878050213,-4.5045566002,-4.6473910697,-0.3943577635,-2.6644553616,-1.9277347001,-2.5409175073,-0.8611070448,-1.6775178933,,,,
Maldives,MDV,Cash surplus/deficit (% of GDP),GC.BAL.CASH.GD.ZS,,,,,,,,,,,,,,,,,,,,,,,,,,,,,,,-7.5069373448,-8.7516960651,-11.0033544787,-11.294477312,-5.1688607656,-6.5820574519,-2.3542727787,-1.875692163,-2.8897575885,-3.8873297835,-4.9969733746,-3.5986376842,-3.6074945902,-3.4742077768,-2.3029927001,-8.1103576679,-4.8314972899,-3.3746798835,-10.6461303236,-19.363824456,-14.9612254402,-7.7137249675,,,,
Middle East & North Africa (all income levels),MEA,Cash surplus/deficit (% of GDP),GC.BAL.CASH.GD.ZS,,,,,,,,,,,,,,,,,,,,,,,,,,,,,,,,,,,,,,,,,,,,,,,,,,,,,,,,
Mexico,MEX,Cash surplus/deficit (% of GDP),GC.BAL.CASH.GD.ZS,,,,,,,,,,,,,,,,,,,,,,,,,,,,,,,-2.5451432158,-0.0003160731,0.9781093607,0.1873073508,-0.0016856267,-0.5138781422,-0.110727266,-1.2625378851,-1.3683819562,-1.4023443002,-0.9953743341,,,,,,,,,,,,,,,
Marshall Islands,MHL,Cash surplus/deficit (% of GDP),GC.BAL.CASH.GD.ZS,,,,,,,,,,,,,,,,,,,,,,,,,,,,,,,,,,,,,,,,,,,,,,,,,,,,,,,,
Middle income,MIC,Cash surplus/deficit (% of GDP),GC.BAL.CASH.GD.ZS,,,,,,,,,,,,,,,,,,,,,,,,,,,,,,,,,,,,,,,,,,,,,,,,,,,,,,,,
"Macedonia, FYR",MKD,Cash surplus/deficit (% of GDP),GC.BAL.CASH.GD.ZS,,,,,,,,,,,,,,,,,,,,,,,,,,,,,,,,,,,,,,,,,,,,,,2.3223847377,-0.1441416964,0.2523327512,-0.9645930247,-2.6848551211,-2.5310087446,-2.6416134911,-3.9326938117,,,
Mali,MLI,Cash surplus/deficit (% of GDP),GC.BAL.CASH.GD.ZS,,,,,,,,,,,,,,,,,,,,,,,,,,,,,,,,,,,,,,,,,-3.0721139287,-3.7016655963,-4.3814987469,-1.4816968482,-2.9297632259,-2.4115806544,30.7200576071,-4.7276488941,-1.7436997684,-2.0629564796,-2.5400893287,-3.4920672357,0.0005493198,-1.4271228194,,
Malta,MLT,Cash surplus/deficit (% of GDP),GC.BAL.CASH.GD.ZS,,,,,,,,,,,,,,,,,,,,,,,,,,,,,,,-11.216449063,-10.7954626132,-5.9190935176,-7.2533126593,-9.077416431,-7.445055067,-16.2937812077,-14.0636628795,-18.258693647,-13.3342837628,-12.0101528153,-13.0443263213,-12.5809756788,-27.07518285,-16.2797664799,-11.9231686271,-11.3980934761,-10.2767949006,-6.7172451111,-5.8912464882,-3.6464458295,-2.6406452131,-3.7841367119,-2.6462779564,,
Myanmar,MMR,Cash surplus/deficit (% of GDP),GC.BAL.CASH.GD.ZS,,,,,,,,,,,,,,,,,,,,,,,,,,,,,,,,,,,,,,,,,,,,-2.6716892482,-1.9740874722,,,,,,,,,,,
Middle East & North Africa (developing only),MNA,Cash surplus/deficit (% of GDP),GC.BAL.CASH.GD.ZS,,,,,,,,,,,,,,,,,,,,,,,,,,,,,,,,,,,-0.6298643322,0.1776627213,0.4060813552,-0.3918025415,-4.4752054074,-1.4865898211,,,-2.0032408072,-0.7509395488,0.0720276052,1.7198999594,1.0381307854,1.6755858556,1.0202390662,-2.4754230599,,,,,,
Montenegro,MNE,Cash surplus/deficit (% of GDP),GC.BAL.CASH.GD.ZS,,,,,,,,,,,,,,,,,,,,,,,,,,,,,,,,,,,,,,,,,,,,,,,,,,,,,,,,
Mongolia,MNG,Cash surplus/deficit (% of GDP),GC.BAL.CASH.GD.ZS,,,,,,,,,,,,,,,,,,,,,,,,,,,,,,,,,-0.5184368859,2.7082178057,0.3771232185,2.4425296992,0.7440413724,-0.0304418502,-0.9704258795,-2.7156067574,0.1834874283,0.9942680597,-1.2508856282,-0.380613904,,,2.7560801962,7.1359876324,-3.2833777871,-4.0921921947,2.6301862885,-2.6468775308,-7.0895878175,,,
Northern Mariana Islands,MNP,Cash surplus/deficit (% of GDP),GC.BAL.CASH.GD.ZS,,,,,,,,,,,,,,,,,,,,,,,,,,,,,,,,,,,,,,,,,,,,,,,,,,,,,,,,
Mozambique,MOZ,Cash surplus/deficit (% of GDP),GC.BAL.CASH.GD.ZS,,,,,,,,,,,,,,,,,,,,,,,,,,,,,,,,,,,,,,,,,,,,,,,,,,,-3.5241072874,-3.5375237726,-2.6442692847,,,
Mauritania,MRT,Cash surplus/deficit (% of GDP),GC.BAL.CASH.GD.ZS,,,,,,,,,,,,,,,,,,,,,,,,,,,,,,,,,,,,,,,,,,,,,,,,,,,,,,,,
Mauritius,MUS,Cash surplus/deficit (% of GDP),GC.BAL.CASH.GD.ZS,,,,,,,,,,,,,,,,,,,,,,,,,,,,,,,0.3075547262,0.5206084226,-0.2279781042,0.5094451911,-0.1020257446,-1.2017658491,-3.2640128498,-2.1784014176,-0.9026255637,-2.0929597185,-1.0674176416,-3.7988998439,-3.5762207441,-3.0550209037,-2.9666800738,-2.041509349,-2.7335977062,-2.0362864351,0.6197227723,0.5751298753,-3.5411170906,-2.604431428,-2.1438498351,-4.1433172729,,
Malawi,MWI,Cash surplus/deficit (% of GDP),GC.BAL.CASH.GD.ZS,,,,,,,,,,,,,,,,,,,,,,,,,,,,,,,,,,,,,,,,,,,,,,,,,,,,,,,,
Malaysia,MYS,Cash surplus/deficit (% of GDP),GC.BAL.CASH.GD.ZS,,,,,,,,,,,,,,,,,,,,,,,,,,,,,,,,,,,,,1.453901967,2.9198530847,-0.821906201,-3.8299874321,-4.1241747358,-3.5056832653,-4.9014644635,-4.8523171486,-4.1240462484,-3.760821814,-2.959496805,-3.1745542021,-4.408843462,-6.1333562253,-5.0005632758,-4.6168604186,-4.3864175172,,,
North America,NAC,Cash surplus/deficit (% of GDP),GC.BAL.CASH.GD.ZS,,,,,,,,,,,,,,,,,,,,,,,,,,,,,,,-3.6564376528,-4.359055276,-4.4107193303,-3.6857166206,-2.7828271933,-1.9724521589,-1.3762614683,-0.2302373599,0.7983128366,1.282836954,2.2262994655,-1.4698234,-4.2678149942,-5.4991680644,-5.2310609469,-4.4216750389,-3.5112223364,-3.8610789433,-6.7870449577,-11.804277648,-6.4974163763,-5.0678829285,-3.5671030854,-1.3596380001,-5.0650211878,
Namibia,NAM,Cash surplus/deficit (% of GDP),GC.BAL.CASH.GD.ZS,,,,,,,,,,,,,,,,,,,,,,,,,,,,,,,,-2.12042558,-4.1150513448,,,,,,,-2.4772948002,-1.6297387462,-4.185119512,-2.3885899554,-6.66758221,-2.5814180428,-0.0486194426,5.1720071074,1.9759626596,5.5677232436,1.3678927171,-7.2562340004,-11.8781219122,,,,
New Caledonia,NCL,Cash surplus/deficit (% of GDP),GC.BAL.CASH.GD.ZS,,,,,,,,,,,,,,,,,,,,,,,,,,,,,,,,,,,,,,,,,,,,,,,,,,,,,,,,
Niger,NER,Cash surplus/deficit (% of GDP),GC.BAL.CASH.GD.ZS,,,,,,,,,,,,,,,,,,,,,,,,,,,,,,,,,,,,,,,,,,,,,,,,,,,,,,,,
Nigeria,NGA,Cash surplus/deficit (% of GDP),GC.BAL.CASH.GD.ZS,,,,,,,,,,,,,,,,,,,,,,,,,,,,,,,,,,,,,,,,,,,,-2.1904122134,-1.4794062402,-1.0960057629,-0.5392899599,-0.5596700189,-0.1921732435,-3.2096932673,-1.9929925157,-1.818613884,-1.3436707598,,,
Nicaragua,NIC,Cash surplus/deficit (% of GDP),GC.BAL.CASH.GD.ZS,,,,,,,,,,,,,,,,,,,,,,,,,,,,,,,-34.2362794122,6.0674172864,-2.2810129407,0.0818642728,-1.6099394298,0.4907668241,-0.5008124678,-0.3832500822,-0.6155039728,-1.6768554543,-2.7990801969,-4.9354894499,-1.8991594275,-2.1938377407,-1.711104221,-1.4124079444,0.051663101,0.3202920081,-0.8742245956,-1.6742737024,-0.7238663416,0.4596616517,0.5126706615,,,
Netherlands,NLD,Cash surplus/deficit (% of GDP),GC.BAL.CASH.GD.ZS,,,,,,,,,,,,,,,,,,,,,,,,,,,,,,,-4.0943074455,-2.0761353475,-3.0199379052,-2.7843620057,-3.8137081279,-10.2255772055,-3.47367968,-3.5614763265,-2.3749395816,-1.2048078141,0.4735955149,-1.6121392384,-3.0446823444,-4.154369926,-2.9503457769,-1.4869646095,-0.9742541135,-0.864040574,-0.5208392401,-6.1000116436,-3.7060261721,-2.643837811,-2.9108877743,-0.7557727734,,
High income: nonOECD,NOC,Cash surplus/deficit (% of GDP),GC.BAL.CASH.GD.ZS,,,,,,,,,,,,,,,,,,,,,,,,,,,,,,,,,,,,,,,,,,,,,,,,,,,,,,,,
Norway,NOR,Cash surplus/deficit (% of GDP),GC.BAL.CASH.GD.ZS,,,,,,,,,,,,,,,,,,,,,,,,,,,,,,,1.8326112288,0.3709732705,-2.3869369688,-2.3341153444,-0.8485967043,2.3747723616,4.8868964647,7.2849592817,4.588580136,4.6728271502,14.6491154732,13.066468874,7.9982370456,7.2322238085,10.590908774,14.0439011712,17.2810895859,16.6480490072,18.7972556725,10.3611197823,11.9598206857,14.2401090555,14.3838138842,11.6413543922,,
Nepal,NPL,Cash surplus/deficit (% of GDP),GC.BAL.CASH.GD.ZS,,,,,,,,,,,,,,,,,,,,,,,,,,,,,,,,,,,,,,,,,,,,,-1.3566303803,-0.9774147795,,,,,-1.3733796176,-1.0005103317,-0.6255364214,1.5391798047,,
New Zealand,NZL,Cash surplus/deficit (% of GDP),GC.BAL.CASH.GD.ZS,,,,,,,,,,,,,,,,,,,,,,,,,,,,,,,,,,,,,,,,,,1.6468508428,0.5162566538,1.6096752435,2.3292675672,3.1024566563,3.5543110796,1.9407725503,1.7048101554,-0.2117360121,-2.0529665467,-7.8044760317,-0.4445950617,-0.5554777392,,
High income: OECD,OEC,Cash surplus/deficit (% of GDP),GC.BAL.CASH.GD.ZS,,,,,,,,,,,,,,,,,,,,,,,,,,,,,,,-2.4395362842,-3.1969322908,-3.8306047041,-4.0710244397,-3.3467376845,-4.2176630356,-2.8271981332,-1.5624917697,-0.7767824146,-0.1532439812,1.0057391587,-1.4453388032,-3.281494055,-4.2204833169,-3.982459455,-3.4328023577,-2.5860385144,-2.487824628,-4.2748684832,-8.5777994574,-5.6612722182,-4.6422305971,-4.1506175996,-2.782302311,,
OECD members,OED,Cash surplus/deficit (% of GDP),GC.BAL.CASH.GD.ZS,,,,,,,,,,,,,,,,,,,,,,,,,,,,,,,-2.4515672851,-3.1336955859,-3.6930299108,-3.9848498236,-3.2556500891,-4.1087411705,-2.8335480473,-1.6510726604,-0.8712532598,-0.1889472899,0.9485408923,-1.4453388032,-3.281494055,-4.2204833169,-3.982459455,-3.4328023577,-2.5860385144,-2.487824628,-4.2417996086,-8.551836961,-5.6281838311,-4.6002838023,-4.1194181584,-2.7571458046,,
Oman,OMN,Cash surplus/deficit (% of GDP),GC.BAL.CASH.GD.ZS,,,,,,,,,,,,,,,,,,,,,,,,,,,,,,,-0.3182799528,-6.6662080352,-11.7233024917,-10.2943625614,-9.9873170535,-8.8579450171,-4.5247944436,0.6585269727,-7.1032562715,-7.4827598537,-5.2769111804,-4.5565761502,0.3938075379,1.2478661249,2.3189379936,2.2224081667,-0.078269681,0.1507866863,0.1900239558,-3.595212117,-0.4244354166,-0.797412143,-0.429934624,,,
Other small states,OSS,Cash surplus/deficit (% of GDP),GC.BAL.CASH.GD.ZS,,,,,,,,,,,,,,,,,,,,,,,,,,,,,,,,,,,,,,,,,,,,,,,,4.4115467475,1.4301242497,,,,,,,
Pakistan,PAK,Cash surplus/deficit (% of GDP),GC.BAL.CASH.GD.ZS,,,,,,,,,,,,,,,,,,,,,,,,,,,,,,,-2.4645332101,-5.5277538447,-5.8307971099,-6.5787173838,-5.3800387418,-5.2832862253,-6.5987539696,-6.7332780961,-5.6388124539,-5.5396189532,-4.0864209115,-3.748141571,-2.8565210771,-2.8834115999,-1.9516255421,-3.2027843395,-3.9242784951,-3.9174175679,-7.1605313594,-4.587791229,-4.9892527044,-6.3957039774,-8.0065597486,-5.2348237606,,
Panama,PAN,Cash surplus/deficit (% of GDP),GC.BAL.CASH.GD.ZS,,,,,,,,,,,,,,,,,,,,,,,,,,,,,,,2.0006775578,5.5508960512,0.9199867498,2.8954734099,0.8701948564,1.5216098962,-1.1842825115,-0.7437524792,-1.8595929568,0.1780679626,-0.8407555613,0.9097607453,,,,,,,,,,,,,,
Peru,PER,Cash surplus/deficit (% of GDP),GC.BAL.CASH.GD.ZS,,,,,,,,,,,,,,,,,,,,,,,,,,,,,,,-8.2950293109,-2.0711267664,-3.532785298,-2.9676737156,-1.9507013841,-1.3541207949,2.7627600994,0.500509646,-0.3895381308,-2.4497631119,-2.1482355012,-2.1434193857,-1.4569296439,-1.741411231,-1.2531800307,-0.8732793331,1.9192043005,1.7916372759,2.1160536159,-1.1408991712,0.5005125072,1.3151455601,2.0319037478,,,
Philippines,PHL,Cash surplus/deficit (% of GDP),GC.BAL.CASH.GD.ZS,,,,,,,,,,,,,,,,,,,,,,,,,,,,,,,-2.81108057,-1.4970220615,-1.6954494772,-0.8131128951,,,,,,,-3.6596610476,,,-4.506715419,-3.8412750997,-2.8386245446,-1.2521771279,-1.414869328,-1.2022816145,-3.7652829293,-3.4610839467,-1.7640105792,-1.9497610521,,,
Palau,PLW,Cash surplus/deficit (% of GDP),GC.BAL.CASH.GD.ZS,,,,,,,,,,,,,,,,,,,,,,,,,,,,,,,,,,,,,,,,,,,,,,,,,,,,,,,,
Papua New Guinea,PNG,Cash surplus/deficit (% of GDP),GC.BAL.CASH.GD.ZS,,,,,,,,,,,,,,,,,,,,,,,,,,,,,,,-2.1731356869,-1.674617262,-5.4712289841,-5.7130529473,-2.4873153355,-0.4677708364,0.5717544557,0.2867534889,-1.743426111,-2.7381459414,-1.8828242158,-1.2746361686,-2.2633949638,,,,,,,,,,,,,
Poland,POL,Cash surplus/deficit (% of GDP),GC.BAL.CASH.GD.ZS,,,,,,,,,,,,,,,,,,,,,,,,,,,,,,,,,,,-1.978193864,-1.8859874409,-2.0271512698,-2.4991628737,-1.727374389,-2.3468366643,-3.0145974577,-4.1526988593,-5.653963493,-6.5751302316,-6.5757150766,-5.0739186016,-4.3952882922,-2.8120785896,-4.6253790803,-6.9579603322,-6.2467302396,-4.0025354966,-3.6540388166,-3.5349604942,,
Puerto Rico,PRI,Cash surplus/deficit (% of GDP),GC.BAL.CASH.GD.ZS,,,,,,,,,,,,,,,,,,,,,,,,,,,,,,,,,,,,,,,,,,,,,,,,,,,,,,,,
"Korea, Dem. Peopleâ€™s Rep.",PRK,Cash surplus/deficit (% of GDP),GC.BAL.CASH.GD.ZS,,,,,,,,,,,,,,,,,,,,,,,,,,,,,,,,,,,,,,,,,,,,,,,,,,,,,,,,
Portugal,PRT,Cash surplus/deficit (% of GDP),GC.BAL.CASH.GD.ZS,,,,,,,,,,,,,,,,,,,,,,,,,,,,,,,-4.0952468637,,,,,-6.5768161036,-5.7972869882,-4.6414557862,-6.087524022,-4.5941465069,-4.194151872,-5.7658198137,-4.265729164,-5.3823986445,-7.4485214505,-7.3702318133,-5.71379863,-4.2489071377,-4.7171747943,-10.6210203525,-10.7449064639,-7.471649929,-6.1710779897,-5.3503940848,,
Paraguay,PRY,Cash surplus/deficit (% of GDP),GC.BAL.CASH.GD.ZS,,,,,,,,,,,,,,,,,,,,,,,,,,,,,,,,,,,,,,,,,,,,,,0.922866058,1.0788961611,1.5563072897,2.9322524298,0.7379151404,1.9234839148,1.6163182412,-0.9798080505,,,
Pacific island small states,PSS,Cash surplus/deficit (% of GDP),GC.BAL.CASH.GD.ZS,,,,,,,,,,,,,,,,,,,,,,,,,,,,,,,,,,,,,,,,,,,,,,,,,,,,,,,,
French Polynesia,PYF,Cash surplus/deficit (% of GDP),GC.BAL.CASH.GD.ZS,,,,,,,,,,,,,,,,,,,,,,,,,,,,,,,,,,,,,,,,,,,,,,,,,,,,,,,,
Qatar,QAT,Cash surplus/deficit (% of GDP),GC.BAL.CASH.GD.ZS,,,,,,,,,,,,,,,,,,,,,,,,,,,,,,,,,,,,,,,,,,,,,16.4154849886,9.2031073934,8.5356120838,10.8964136001,9.9377547896,15.3150611204,2.9438211665,,,,,
Romania,ROU,Cash surplus/deficit (% of GDP),GC.BAL.CASH.GD.ZS,,,,,,,,,,,,,,,,,,,,,,,,,,,,,,,0.9371721646,1.9433731113,-3.4094075499,0.3863604149,-2.066956717,-2.2624106818,-3.9405211567,-4.6353534029,-3.3748546429,-4.856396284,-5.699025608,-4.8635476137,-3.1315592898,-3.3465799897,-2.7533137172,-3.000665868,-3.8398418278,-4.1392889709,-5.9896628172,-9.7107125229,-5.8516025385,-4.6958470153,-2.4549445558,-2.7980352679,,
Russian Federation,RUS,Cash surplus/deficit (% of GDP),GC.BAL.CASH.GD.ZS,,,,,,,,,,,,,,,,,,,,,,,,,,,,,,,,,,,-6.9936968409,9.3211054818,,,-6.255780488,-0.1182613846,2.4692296662,2.6302618156,7.0304012375,2.2075545829,5.2809174056,9.8830670619,8.0260936034,4.3699507653,4.5676921906,-7.5498838546,-2.4176965442,2.7585787063,1.7678706405,0.7440687532,,
Rwanda,RWA,Cash surplus/deficit (% of GDP),GC.BAL.CASH.GD.ZS,,,,,,,,,,,,,,,,,,,,,,,,,,,,,,,-8.7692837106,-9.402584353,-9.3190809572,,,,,,,,,,,,,,,,0.628152845,-0.1291733833,-1.0783805035,-0.9226184236,-3.9616685457,-2.9625822368,,
South Asia,SAS,Cash surplus/deficit (% of GDP),GC.BAL.CASH.GD.ZS,,,,,,,,,,,,,,,,,,,,,,,,,,,,,,,-3.2787101385,-2.7110880794,-2.7543384251,-4.2002249742,-2.821055613,-2.6453217979,-2.6572828659,-3.2923771364,-3.6128312276,-3.5591159239,-3.8985869599,-4.0959328247,-4.1693050508,-3.1919403438,-2.9752203918,-3.1116985684,-2.4651279109,-1.0335484875,-4.8859312234,-5.1283877484,-3.4499134804,-3.2716966901,-4.2800820265,,,
Saudi Arabia,SAU,Cash surplus/deficit (% of GDP),GC.BAL.CASH.GD.ZS,,,,,,,,,,,,,,,,,,,,,,,,,,,,,,,,,,,,,,,,,,,,,,,,,,,,,,,,
Sudan,SDN,Cash surplus/deficit (% of GDP),GC.BAL.CASH.GD.ZS,,,,,,,,,,,,,,,,,,,,,,,,,,,,,,,,,,,,,,,-0.3977750343,-0.3878045758,,,,,,,,,,,,,,,,
Senegal,SEN,Cash surplus/deficit (% of GDP),GC.BAL.CASH.GD.ZS,,,,,,,,,,,,,,,,,,,,,,,,,,,,,,,,,,,,,,,,-0.8966953593,-0.8704075833,-2.0640649217,,,,,,,,-4.9668442431,-5.1899339666,-6.1534479694,-5.3007369851,,,
Singapore,SGP,Cash surplus/deficit (% of GDP),GC.BAL.CASH.GD.ZS,,,,,,,,,,,,,,,,,,,,,,,,,,,,,,,10.5138049535,9.2518690227,12.6631890663,17.5865781538,20.3375331224,19.0125972002,16.3430548086,20.228141484,10.8700274609,12.1388117188,11.0635845917,5.5196434923,4.586651635,2.9379428364,3.8932339904,6.3883361468,6.1800838887,11.1742017874,7.6858479508,1.5798447784,7.5712609245,9.2072117071,8.6066803282,,,
Solomon Islands,SLB,Cash surplus/deficit (% of GDP),GC.BAL.CASH.GD.ZS,,,,,,,,,,,,,,,,,,,,,,,,,,,,,,,,,,,,,,,,,,,,,,,,,,,,,,,,
Sierra Leone,SLE,Cash surplus/deficit (% of GDP),GC.BAL.CASH.GD.ZS,,,,,,,,,,,,,,,,,,,,,,,,,,,,,,,,,,,,,,,,,,,,,,,,,,,,,,,,
El Salvador,SLV,Cash surplus/deficit (% of GDP),GC.BAL.CASH.GD.ZS,,,,,,,,,,,,,,,,,,,,,,,,,,,,,,,,,,,,,,,0.8868778522,-11.4266722504,19.7554528137,-3.3338876831,-4.7334467907,-2.4982224142,-3.5617760392,-4.5302964116,-3.4855818918,0.6346709907,0.1423160095,-5.3322700741,-2.681351928,-2.1127478533,-0.8070225489,-1.3880390458,,
San Marino,SMR,Cash surplus/deficit (% of GDP),GC.BAL.CASH.GD.ZS,,,,,,,,,,,,,,,,,,,,,,,,,,,,,,,,,,,,3333.0634542911,,,,,,,-0.1009870856,1.6541871357,1.167935721,4.0724922242,5.0708199829,3.121259043,6.8642393215,,,,,,,
Somalia,SOM,Cash surplus/deficit (% of GDP),GC.BAL.CASH.GD.ZS,,,,,,,,,,,,,,,,,,,,,,,,,,,,,,,,,,,,,,,,,,,,,,,,,,,,,,,,
Serbia,SRB,Cash surplus/deficit (% of GDP),GC.BAL.CASH.GD.ZS,,,,,,,,,,,,,,,,,,,,,,,,,,,,,,,,,,,,,,,,,,,,,,,,-0.9007180097,-1.6761380121,-2.6271371524,-3.7628768971,-4.1681369373,-6.0894712046,,,
Sub-Saharan Africa (developing only),SSA,Cash surplus/deficit (% of GDP),GC.BAL.CASH.GD.ZS,,,,,,,,,,,,,,,,,,,,,,,,,,,,,,,,,,,,,,,,,,,,-2.9416745819,-1.3412532533,-0.7408340013,1.4849587116,0.7212912864,-0.3874098528,-4.1488176487,-3.0901990142,-2.840465544,-3.406861677,,,
South Sudan,SSD,Cash surplus/deficit (% of GDP),GC.BAL.CASH.GD.ZS,,,,,,,,,,,,,,,,,,,,,,,,,,,,,,,,,,,,,,,,,,,,,,,,,,,,,,,,
Sub-Saharan Africa (all income levels),SSF,Cash surplus/deficit (% of GDP),GC.BAL.CASH.GD.ZS,,,,,,,,,,,,,,,,,,,,,,,,,,,,,,,,,,,,,,,,,,,,-2.9156652383,-1.3340015807,-0.7347649162,1.4862392437,0.8455372593,-0.2508139784,-4.1690784309,-3.0822750283,-2.8254673549,-3.3908659779,,,
Small states,SST,Cash surplus/deficit (% of GDP),GC.BAL.CASH.GD.ZS,,,,,,,,,,,,,,,,,,,,,,,,,,,,,,,,,,,,,,,,,,,,,,,2.0137184615,1.2313792634,-0.0967652577,-5.5283115322,,,,,,
Sao Tome and Principe,STP,Cash surplus/deficit (% of GDP),GC.BAL.CASH.GD.ZS,,,,,,,,,,,,,,,,,,,,,,,,,,,,,,,,,,,,,,,,,,,-8.4288825112,-2.6465107574,-8.4183695953,-5.5268742104,-10.6956199144,128.1113943001,15.6660734096,-17.9833521329,-10.7701995561,-13.0591036814,-12.1126283312,,,
Suriname,SUR,Cash surplus/deficit (% of GDP),GC.BAL.CASH.GD.ZS,,,,,,,,,,,,,,,,,,,,,,,,,,,,,,,,,,,,,,,,,,1.0982691252,-4.2747224519,1.0198073664,-1.5363424749,-0.7055344587,-0.4494962785,4.3525898278,1.4938576981,0.8005148843,-2.076949902,-0.7865041387,-1.1693617805,,,
Slovak Republic,SVK,Cash surplus/deficit (% of GDP),GC.BAL.CASH.GD.ZS,,,,,,,,,,,,,,,,,,,,,,,,,,,,,,,,,,,,,-0.0604537824,-0.1111241646,-0.1201009409,-0.0068083804,-0.3121450949,-0.1768814724,-0.1994751734,-5.6348378888,-5.3071066735,-4.4299612343,-4.7814540804,-3.2766717576,-3.5138676477,-8.9933210939,-6.5936478901,-5.2010856877,-4.8583235445,-2.3226285774,,
Slovenia,SVN,Cash surplus/deficit (% of GDP),GC.BAL.CASH.GD.ZS,,,,,,,,,,,,,,,,,,,,,,,,,,,,,,,,,,,,-0.1427773572,0.1479038935,-1.225269254,-0.8080659557,-0.6279867757,-1.0797650799,-1.0694088701,-2.5426005056,-1.2851025782,-1.2006944792,-1.4616604321,-0.7160196116,0.1471913631,-0.1857761829,-5.3161156834,-5.3826051169,-5.8122537222,-3.5459774444,,,
Sweden,SWE,Cash surplus/deficit (% of GDP),GC.BAL.CASH.GD.ZS,,,,,,,,,,,,,,,,,,,,,,,,,,,,,,,3.0655178338,-0.3162051401,-3.3703243118,-12.3931316801,-10.56389234,-8.6834933829,-4.8262291198,-3.1158946613,-0.9798484587,-0.8802188239,1.168311695,-0.3848469457,-2.9860192177,-3.03535555,-1.6980052352,-0.5791862726,0.125811187,1.309047388,0.0811193476,-2.6231952779,-0.4205973078,-0.3187680719,-1.104239036,-1.1511153187,,
Swaziland,SWZ,Cash surplus/deficit (% of GDP),GC.BAL.CASH.GD.ZS,,,,,,,,,,,,,,,,,,,,,,,,,,,,,,,,,,,,,,,,,,,,,,,,,,,,,,,,
Sint Maarten (Dutch part),SXM,Cash surplus/deficit (% of GDP),GC.BAL.CASH.GD.ZS,,,,,,,,,,,,,,,,,,,,,,,,,,,,,,,,,,,,,,,,,,,,,,,,,,,,,,,,
Seychelles,SYC,Cash surplus/deficit (% of GDP),GC.BAL.CASH.GD.ZS,,,,,,,,,,,,,,,,,,,,,,,,,,,,,,,,,,-4.8705000814,-1.5044319753,-4.309739267,-13.2429405648,-13.8570822731,-14.9626714147,-11.1588498633,-13.8929211852,-8.7931081786,-14.3731686898,10.5948101698,2.4608668022,2.4386852459,2.1697500271,-5.3061125216,6.9685332017,3.856400331,1.4220860584,5.5233545395,4.7791822492,,,
Syrian Arab Republic,SYR,Cash surplus/deficit (% of GDP),GC.BAL.CASH.GD.ZS,,,,,,,,,,,,,,,,,,,,,,,,,,,,,,,,,,,,,,,-2.2689779438,-1.1253925078,-1.1020387826,1.6832507004,-2.0154228082,-3.0453478662,-4.9475487217,-4.9860664694,-3.4507837358,-3.0577958655,,,,,,,,
Turks and Caicos Islands,TCA,Cash surplus/deficit (% of GDP),GC.BAL.CASH.GD.ZS,,,,,,,,,,,,,,,,,,,,,,,,,,,,,,,,,,,,,,,,,,,,,,,,,,,,,,,,
Chad,TCD,Cash surplus/deficit (% of GDP),GC.BAL.CASH.GD.ZS,,,,,,,,,,,,,,,,,,,,,,,,,,,,,,,,,,,,,,,,,,,,,,,,,,,,,,,,
Togo,TGO,Cash surplus/deficit (% of GDP),GC.BAL.CASH.GD.ZS,,,,,,,,,,,,,,,,,,,,,,,,,,,,,,,,,,,,,,,,,,,,,-0.3355927431,-5.7372832319,-3.5268509594,-0.8229736581,0.2694531247,-0.5532459205,0.5786138525,-1.0833135854,-6.1245824632,-4.5722522275,,
Thailand,THA,Cash surplus/deficit (% of GDP),GC.BAL.CASH.GD.ZS,,,,,,,,,,,,,,,,,,,,,,,,,,,,,,,4.7507618721,4.8315769812,3.0416332341,2.0926080121,2.1634879496,2.9042283398,2.5471444716,-1.7892926267,-6.249735064,-8.7079452838,-1.8080019725,-2.1074260335,-6.7846278892,1.3851697252,1.0531289112,1.8705933931,1.3588933956,-0.3008569994,0.0422388454,-3.3417965474,-1.9139288836,-1.2914597091,-1.9328517621,-0.8343376155,,
Tajikistan,TJK,Cash surplus/deficit (% of GDP),GC.BAL.CASH.GD.ZS,,,,,,,,,,,,,,,,,,,,,,,,,,,,,,,,,,,,,,,-3.2537712299,-1.9628193902,-0.8070471329,-0.151259135,,-4.575854448,-6.6135039715,,,,,,,,,,,
Turkmenistan,TKM,Cash surplus/deficit (% of GDP),GC.BAL.CASH.GD.ZS,,,,,,,,,,,,,,,,,,,,,,,,,,,,,,,,,,,,,,,,,,,,,,,,,,,,,,,,
Timor-Leste,TLS,Cash surplus/deficit (% of GDP),GC.BAL.CASH.GD.ZS,,,,,,,,,,,,,,,,,,,,,,,,,,,,,,,,,,,,,,,,,,,,,,,,,,,,,,,,
Tonga,TON,Cash surplus/deficit (% of GDP),GC.BAL.CASH.GD.ZS,,,,,,,,,,,,,,,,,,,,,,,,,,,,,,,,,,,,,,,,,,,,,,,,,,,,,,,,
Trinidad and Tobago,TTO,Cash surplus/deficit (% of GDP),GC.BAL.CASH.GD.ZS,,,,,,,,,,,,,,,,,,,,,,,,,,,,,,,,,,-0.2435243728,0.3896015284,-0.0599425813,,,,,,1.9693626266,-0.0586249778,2.2418468715,1.9251183474,5.7404501301,1.8457796828,0.6638043708,2.1513289634,-4.955104262,-1.5592917055,,,,,
Tunisia,TUN,Cash surplus/deficit (% of GDP),GC.BAL.CASH.GD.ZS,,,,,,,,,,,,,,,,,,,,,,,,,,,,,,,-3.2018269738,-4.6837589785,-2.1822877906,-2.4224237878,-0.5001960313,-2.4495947642,-2.6009241436,-2.4782726187,0.0269862048,-2.2134201457,-2.4017014742,-2.1218087033,-2.1400305154,-2.1606692053,-2.5263526492,-2.8107759547,-2.4411191996,-1.9911025176,-0.6135579849,-1.4731309606,-1.3738050077,-3.8415683991,-5.051177109,,,
Turkey,TUR,Cash surplus/deficit (% of GDP),GC.BAL.CASH.GD.ZS,,,,,,,,,,,,,,,,,,,,,,,,,,,,,,,-2.9878120451,-5.2792591343,-4.3156551134,-6.7005506071,-3.889485166,-4.0742653089,-8.3805890915,-7.9350968657,-5.8478318248,,,,,,,,,,-2.1152998522,-6.8823140963,-2.9625659935,-1.221027983,-1.6634796681,-0.8125260197,,
Tuvalu,TUV,Cash surplus/deficit (% of GDP),GC.BAL.CASH.GD.ZS,,,,,,,,,,,,,,,,,,,,,,,,,,,,,,,,,,,,,,,,,,,,,,,,,,,,,,,,
Tanzania,TZA,Cash surplus/deficit (% of GDP),GC.BAL.CASH.GD.ZS,,,,,,,,,,,,,,,,,,,,,,,,,,,,,,,,,,,,,,,,,,,,,,,,,,0.0282676249,-1.8516525647,-0.8885311138,-5.2529042652,,,
Uganda,UGA,Cash surplus/deficit (% of GDP),GC.BAL.CASH.GD.ZS,,,,,,,,,,,,,,,,,,,,,,,,,,,,,,,,,,,,,,,,-1.1842208458,-1.8727665994,-0.9485452115,-3.5130645618,-3.5673022821,-1.2876049116,-0.7705230944,-1.5325781651,-2.3646332132,-1.3579020497,-0.8044026825,-3.3522996891,-3.2218581791,-2.1211333881,,,
Ukraine,UKR,Cash surplus/deficit (% of GDP),GC.BAL.CASH.GD.ZS,,,,,,,,,,,,,,,,,,,,,,,,,,,,,,,,,,,,,,,,-2.0911975819,-0.5952842947,-0.7932317939,0.3219319091,-0.1889470094,-3.1921094958,-1.363523101,-1.0334409624,-0.8900824302,-1.4669465728,-5.6053846028,-6.5224110426,-2.3219236133,-4.066694716,,,
Upper middle income,UMC,Cash surplus/deficit (% of GDP),GC.BAL.CASH.GD.ZS,,,,,,,,,,,,,,,,,,,,,,,,,,,,,,,,,,,,,,,,,,,,,,,,,,,,,,,,
Uruguay,URY,Cash surplus/deficit (% of GDP),GC.BAL.CASH.GD.ZS,,,,,,,,,,,,,,,,,,,,,,,,,,,,,,,0.5425383641,0.9641628625,0.6571857524,-0.5141666267,-2.618550209,-1.1973471,-1.4546383415,-0.9711986365,-0.7557208477,-3.2659076525,-3.0135548491,-3.9971421073,-4.3961695845,-4.2431586112,-2.4240259337,-1.5233487851,-0.90891813,-1.5356020308,-0.9117772497,-1.4745881807,-0.8978172498,-0.5642152679,-2.0143532602,,,
United States,USA,Cash surplus/deficit (% of GDP),GC.BAL.CASH.GD.ZS,,,,,,,,,,,,,,,,,,,,,,,,,,,,,,,-3.6564376528,-4.359055276,-4.4107193303,-3.6857166206,-2.7828271933,-1.9724521589,-1.3762614683,-0.2302373599,0.7983128366,1.282836954,2.2262994655,-1.4698234,-4.2678149942,-5.4991680644,-5.2310609469,-4.4216750389,-3.5112223364,-3.8610789433,-6.7870449577,-11.804277648,-6.8286393843,-5.3350106193,-3.7809009848,-1.4196698925,-5.0650211878,
Uzbekistan,UZB,Cash surplus/deficit (% of GDP),GC.BAL.CASH.GD.ZS,,,,,,,,,,,,,,,,,,,,,,,,,,,,,,,,,,,,,,,,,,,,,,,,,,,,,,,,
St. Vincent and the Grenadines,VCT,Cash surplus/deficit (% of GDP),GC.BAL.CASH.GD.ZS,,,,,,,,,,,,,,,,,,,,,,,,,,,,,,,,,,,,,,,,,,,,,,,,,,,,,,,,
"Venezuela, RB",VEN,Cash surplus/deficit (% of GDP),GC.BAL.CASH.GD.ZS,,,,,,,,,,,,,,,,,,,,,,,,,,,,,,,3.0376580135,3.78968817,-1.8909767417,-1.2827992759,-1.0866887117,-2.2567792912,2.8210843241,3.2106719879,-3.7129410859,-1.5471230744,-1.2387526556,-3.9993795758,-3.231292411,-4.1221833105,-1.3046121801,2.1787913615,,,,,,,,,,
Virgin Islands (U.S.),VIR,Cash surplus/deficit (% of GDP),GC.BAL.CASH.GD.ZS,,,,,,,,,,,,,,,,,,,,,,,,,,,,,,,,,,,,,,,,,,,,,,,,,,,,,,,,
Vietnam,VNM,Cash surplus/deficit (% of GDP),GC.BAL.CASH.GD.ZS,,,,,,,,,,,,,,,,,,,,,,,,,,,,,,,,,,,,,,,,,,,,,,,,,,,,,,,,
Vanuatu,VUT,Cash surplus/deficit (% of GDP),GC.BAL.CASH.GD.ZS,,,,,,,,,,,,,,,,,,,,,,,,,,,,,,,5.1359076691,,,,,1.4948709148,-0.711912672,-0.7352445194,-0.2541258072,-0.1329787234,,,,,,,,,,-0.8214192478,-2.5041229827,-2.3269792446,,,,
West Bank and Gaza,PSE,Cash surplus/deficit (% of GDP),GC.BAL.CASH.GD.ZS,,,,,,,,,,,,,,,,,,,,,,,,,,,,,,,,,,,,,,,,,,,,,,2.76564198709164E-007,-1.93195594,-0.2916640793,2.0527784106,0.1186750376,0.5295351967,-0.598234109,-0.7362153799,0.2684312213,,
World,WLD,Cash surplus/deficit (% of GDP),GC.BAL.CASH.GD.ZS,,,,,,,,,,,,,,,,,,,,,,,,,,,,,,,-2.3525909906,-3.3081813866,-3.6980825552,-3.9018196551,-3.1471416197,-3.4245127365,-2.6285145789,-1.5012673574,-1.2156393619,-0.4821089007,0.6876160564,-1.4418074452,-2.9911638334,-3.8979376186,-3.4577440153,-2.8779839826,-2.1277085778,-2.0114113304,-3.7136135023,-7.8999713562,-5.2534232016,-4.2389696213,-3.8568225361,-2.7041310337,,
Samoa,WSM,Cash surplus/deficit (% of GDP),GC.BAL.CASH.GD.ZS,,,,,,,,,,,,,,,,,,,,,,,,,,,,,,,,,,,,,,,,,,,,,,,,,,,-0.0058038092,-0.0052791596,-0.0071708244,,,
"Yemen, Rep.",YEM,Cash surplus/deficit (% of GDP),GC.BAL.CASH.GD.ZS,,,,,,,,,,,,,,,,,,,,,,,,,,,,,,,,,,,,,,,,,,,,,,,,,,,,,,,,
South Africa,ZAF,Cash surplus/deficit (% of GDP),GC.BAL.CASH.GD.ZS,,,,,,,,,,,,,,,,,,,,,,,,,,,,,,,-3.5474234278,-3.608050342,-8.7533088495,-8.8538173898,-5.3178674213,-5.3072525928,-5.1601609325,-3.723094687,-2.9394994263,-1.7663559284,-1.9106254125,-0.8937597736,-1.556111396,-2.8409955854,-2.1671060826,-0.4514853204,0.6137855723,0.7845455263,-0.896556982,-5.2311965624,-4.3892730764,-4.4744833732,-5.3357255858,-4.2733756873,,
"Congo, Dem. Rep.",COD,Cash surplus/deficit (% of GDP),GC.BAL.CASH.GD.ZS,,,,,,,,,,,,,,,,,,,,,,,,,,,,,,,-6.5218919425,-13.5633333333,-13.6257815443,-13.3207961862,-1.524856012,0.0201805249,-0.3224692833,-0.7863750098,-2.8356740592,-5.5785121978,-0.9364688551,-0.013763341,0.5312075612,-0.3367077518,-0.6384338928,-0.6038732063,-0.8703361221,-0.6535777023,-0.0647245611,0.2646487269,2.4408176644,,,,,
Zambia,ZMB,Cash surplus/deficit (% of GDP),GC.BAL.CASH.GD.ZS,,,,,,,,,,,,,,,,,,,,,,,,,,,,,,,,,,,,,,,-2.8356651872,-0.3641061679,,1.6270689441,-1.4877910869,0.9400842132,1.7293911997,-4.0085661805,1.8372979326,-0.6802466297,-1.1061294806,0.1767932404,-1.194704615,4.0860913453,,,,
Zimbabwe,ZWE,Cash surplus/deficit (% of GDP),GC.BAL.CASH.GD.ZS,,,,,,,,,,,,,,,,,,,,,,,,,,,,,,,-2.6295710799,-4.6362625144,-7.5093048257,-1.5027894654,-1.4952189687,-5.3750282303,-6.8734807007,-5.1585268349,,,,,,,,,,,,,,,,,,
